nation,class_code,class_desc,tree_cat,req_kind,MagicNum,EnName,KrName,Description,BeforeAction,TargetAction,SelfEffect,FlyingEffect,TargetEffect,Moral,SkillLevel,Skill,Msp,HP,ItemGroup,UseItem,CastTime,ReCastTime,SuccessRate,Type1,Type2,Range,Etc,UseStanding,T1_iNum,T1_Name,T1_Description,T1_Type,T1_HitRate,T1_Hit,T1_AddDamage,T1_Delay,T1_ComboType,T1_ComboCount,T1_ComboDamage,T1_Range,T3_iNum,T3_Name,T3_Description,T3_DirectType,T3_FirstDamage,T3_EndDamage,T3_TimeDamage,T3_Duration,T3_Attribute,T3_Radius,T3_Angle,T4_iNum,T4_Name,T4_Description,T4_BuffType,T4_Radius,T4_Duration,T4_AttackSpeed,T4_Speed,T4_AC,T4_ACPct,T4_Attack,T4_MagicAttack,T4_MaxHP,T4_MaxHPPct,T4_MaxMP,T4_MaxMPPct,T4_HitRate,T4_AvoidRate,T4_Str,T4_Sta,T4_Dex,T4_Intel,T4_Cha,T4_FireR,T4_ColdR,T4_LightningR,T4_MagicR,T4_DiseaseR,T4_PoisonR,T4_ExpPct,T4_SpecialAmount,T5_iNum,T5_Name,T5_Description,T5_Type,T5_ExpRecover,T5_NeedStone,T7_nIndex,T7_strName,T7_strNote,T7_byValidGroup,T7_byNatoinChange,T7_shMonsterNum,T7_byTargetChange,T7_byStateChange,T7_byRadius,T7_shHitrate,T7_shDuration,T7_shDamage,T7_byVisoin,T7_nNeedItem,T8_iNum,T8_Name,T8_Description,T8_Target,T8_Radius,T8_WarpType,T8_ExpRecover,T8_KickDistance
Karus,104,Karus beginner priest,0,char level,104001,Tiny healing,Tiny healing,Heal 15 HP,0,0,2601,0,601,2,1,1040,5,0,9,0,19,1,80,3,0,56,0,0,,,,,,,,,,,,,104001,Tiny healing,Tiny healing,1,15,0,0,0,0,0,0,,,,,,,,,,,,,,,,,,,,,,,,,,,,,,,,,,,,,,,,,,,,,,,,,,,,,,,,,,,
Karus,104,Karus beginner priest,0,char level,104002,Light strike,Light strike,Light magic attack,0,0,3101,0,1101,7,2,1040,5,0,9,0,15,54,50,3,0,56,0,0,,,,,,,,,,,,,104002,Light strike,Light strike,1,-29,0,0,0,4,0,0,,,,,,,,,,,,,,,,,,,,,,,,,,,,,,,,,,,,,,,,,,,,,,,,,,,,,,,,,,,
Karus,104,Karus beginner priest,0,char level,104004,Strength,Strength,Increase Strength by 15,0,0,2601,0,601,2,4,1040,10,0,9,0,15,1,50,4,0,56,0,0,,,,,,,,,,,,,,,,,,,,,,,,104004,Strength,Strength,7,0,300,100,100,0,100,100,100,0,100,0,100,100,100,15,0,0,0,0,0,0,0,0,0,0,100,0,,,,,,,,,,,,,,,,,,,,,,,,,,,,
Karus,104,Karus beginner priest,0,char level,104005,Light healing,Light healing,Heal 30 HP,0,0,2601,0,601,2,5,1040,10,0,9,0,19,1,80,3,0,56,0,0,,,,,,,,,,,,,104005,Light healing,Light healing,1,30,0,0,0,0,0,0,,,,,,,,,,,,,,,,,,,,,,,,,,,,,,,,,,,,,,,,,,,,,,,,,,,,,,,,,,,
Karus,104,Karus beginner priest,0,char level,104006,Resist poison,Resist poison,Increase resistance to poison by 20,0,0,2701,0,701,2,6,1040,10,0,9,0,15,1,50,4,0,56,0,0,,,,,,,,,,,,,,,,,,,,,,,,104006,Resist poison,Resist poison,8,0,300,100,100,0,100,100,100,0,100,0,100,100,100,0,0,0,0,0,0,0,0,0,0,20,100,0,,,,,,,,,,,,,,,,,,,,,,,,,,,,
Karus,104,Karus beginner priest,0,char level,104007,Brightness,Brightness,Light magic attack,0,0,3101,0,1101,7,7,1040,10,0,9,0,15,54,50,3,0,56,0,0,,,,,,,,,,,,,104007,Brightness,Brightness,1,-77,0,0,0,4,0,0,,,,,,,,,,,,,,,,,,,,,,,,,,,,,,,,,,,,,,,,,,,,,,,,,,,,,,,,,,,
Karus,104,Karus beginner priest,0,char level,104008,Tiny restore,Tiny restore,Heal 50 HP over 20 seconds,0,0,2601,0,601,2,8,1040,15,0,9,0,19,1,80,3,0,56,0,0,,,,,,,,,,,,,104008,Tiny restore,Tiny restore,1,0,0,50,20,0,0,0,,,,,,,,,,,,,,,,,,,,,,,,,,,,,,,,,,,,,,,,,,,,,,,,,,,,,,,,,,,
Karus,104,Karus beginner priest,9,cat 9 (special),104009,whipping,whipping,Whips the horse to temporarily increase the horse's movement speed.,0,0,2701,0,10029,1,1,1049,5,0,9,0,0,255,100,4,0,0,0,0,,,,,,,,,,,,,,,,,,,,,,,,104009,whipping,whipping,6,0,1200,100,200,0,100,100,100,0,100,0,100,100,100,0,0,0,0,0,0,0,0,0,0,0,100,0,,,,,,,,,,,,,,,,,,,,,,,,,,,,
Karus,104,Karus beginner priest,0,char level,104010,Light Attack,Light Attack,A magic attack that uses light,0,0,3101,0,1101,7,18,1040,50,0,9,0,15,52,80,3,0,33,0,0,,,,,,,,,,,,,104010,Light Attack,Light Attack,2,-105,0,-10,10,4,0,0,,,,,,,,,,,,,,,,,,,,,,,,,,,,,,,,,,,,,,,,,,,,,,,,,,,,,,,,,,,
Karus,104,Karus beginner priest,0,char level,104011,Light Counter,Light Counter,A magic attack that uses light,0,0,3101,0,1101,7,24,1040,100,0,9,0,15,54,80,3,0,33,0,0,,,,,,,,,,,,,104011,Light Counter,Light Counter,2,-260,0,-30,10,4,0,0,,,,,,,,,,,,,,,,,,,,,,,,,,,,,,,,,,,,,,,,,,,,,,,,,,,,,,,,,,,
Karus,104,Karus beginner priest,0,char level,104012,Critical Light,Critical Light,A magic attack that uses light,0,0,3101,0,1101,7,33,1040,150,0,9,0,15,54,80,3,0,33,0,0,,,,,,,,,,,,,104012,Critical Light,Critical Light,2,-385,0,-50,10,4,0,0,,,,,,,,,,,,,,,,,,,,,,,,,,,,,,,,,,,,,,,,,,,,,,,,,,,,,,,,,,,
Karus,111,Karus novice priest,0,char level,111001,Tiny healing,Tiny healing,Heal 15 HP,0,0,2601,0,601,2,1,1110,5,0,9,0,19,1,80,3,0,56,0,0,,,,,,,,,,,,,111001,Light healing,Light healing,1,15,0,0,0,0,0,0,,,,,,,,,,,,,,,,,,,,,,,,,,,,,,,,,,,,,,,,,,,,,,,,,,,,,,,,,,,
Karus,111,Karus novice priest,0,char level,111002,Light strike,Light strike,Light magic attack,0,0,3101,0,1101,7,2,1110,5,0,9,0,15,54,50,3,0,56,0,0,,,,,,,,,,,,,111002,Brightness,Brightness,1,-29,0,0,0,4,0,0,,,,,,,,,,,,,,,,,,,,,,,,,,,,,,,,,,,,,,,,,,,,,,,,,,,,,,,,,,,
Karus,111,Karus novice priest,0,char level,111004,Strength,Strength,Increase strength by 15,0,0,2601,0,601,2,4,1110,10,0,9,0,15,1,50,4,0,56,0,0,,,,,,,,,,,,,,,,,,,,,,,,111004,Strength,Strength,7,0,600,100,100,0,100,100,100,0,100,0,100,100,100,15,0,0,0,0,0,0,0,0,0,0,100,0,,,,,,,,,,,,,,,,,,,,,,,,,,,,
Karus,111,Karus novice priest,0,char level,111005,Light healing,Light healing,Heal 30 HP,0,0,2601,0,601,2,5,1110,10,0,9,0,19,1,80,3,0,56,0,0,,,,,,,,,,,,,111005,Tiny restore,Tiny restore,1,30,0,0,0,0,0,0,,,,,,,,,,,,,,,,,,,,,,,,,,,,,,,,,,,,,,,,,,,,,,,,,,,,,,,,,,,
Karus,111,Karus novice priest,0,char level,111006,Resist poison,Resist poison,Increase resistance to poison by 20,0,0,2701,0,701,2,6,1110,10,0,9,0,15,1,50,4,0,56,0,0,,,,,,,,,,,,,,,,,,,,,,,,111006,Resist poison,Resist poison,8,0,600,100,100,0,100,100,100,0,100,0,100,100,100,0,0,0,0,0,0,0,0,0,0,20,100,0,,,,,,,,,,,,,,,,,,,,,,,,,,,,
Karus,111,Karus novice priest,0,char level,111007,Brightness,Brightness,Light magic attack,0,0,3101,0,1101,7,7,1110,10,0,9,0,15,54,50,3,0,56,0,0,,,,,,,,,,,,,111007,Light Attack,Light Attack,1,-77,0,0,0,4,0,0,,,,,,,,,,,,,,,,,,,,,,,,,,,,,,,,,,,,,,,,,,,,,,,,,,,,,,,,,,,
Karus,111,Karus novice priest,0,char level,111008,Tiny restore,Tiny restore,Heal 50 HP over 20 seconds,0,0,2601,0,601,2,8,1110,15,0,9,0,15,1,80,3,0,56,0,0,,,,,,,,,,,,,111008,Light Counter,Light Counter,1,0,0,50,20,0,0,0,,,,,,,,,,,,,,,,,,,,,,,,,,,,,,,,,,,,,,,,,,,,,,,,,,,,,,,,,,,
Karus,111,Karus novice priest,9,cat 9 (special),111009,whipping,whipping,Whips the horse to temporarily increase the horse's movement speed.,0,0,2701,0,10029,1,1,1119,5,0,9,0,0,255,100,4,0,0,0,0,,,,,,,,,,,,,,,,,,,,,,,,111009,whipping,whipping,6,0,1200,100,200,0,100,100,100,0,100,0,100,100,100,0,0,0,0,0,0,0,0,0,0,0,100,0,,,,,,,,,,,,,,,,,,,,,,,,,,,,
Karus,111,Karus novice priest,0,char level,111010,Light Attack,Light Attack,A magic attack that uses light,0,0,3101,0,1101,7,18,1110,50,0,9,0,15,52,80,3,0,33,0,0,,,,,,,,,,,,,111010,Critical Light,Critical Light,2,-105,0,-10,10,4,0,0,,,,,,,,,,,,,,,,,,,,,,,,,,,,,,,,,,,,,,,,,,,,,,,,,,,,,,,,,,,
Karus,111,Karus novice priest,0,char level,111011,Light Counter,Light Counter,A magic attack that uses light,0,0,3101,0,1101,7,24,1110,100,0,9,0,15,54,80,3,0,33,0,0,,,,,,,,,,,,,111011,minor healing,minor healing,2,-260,0,-30,10,4,0,0,,,,,,,,,,,,,,,,,,,,,,,,,,,,,,,,,,,,,,,,,,,,,,,,,,,,,,,,,,,
Karus,111,Karus novice priest,0,char level,111012,Critical Light,Critical Light,A magic attack that uses light,0,0,3101,0,1101,7,33,1110,150,0,9,0,15,54,80,3,0,33,0,0,,,,,,,,,,,,,111012,Light restore,Light restore,2,-385,0,-50,10,4,0,0,,,,,,,,,,,,,,,,,,,,,,,,,,,,,,,,,,,,,,,,,,,,,,,,,,,,,,,,,,,
Karus,111,Karus novice priest,5,skill points in category 5,111500,minor healing,minor healing,Heal 60 HP,0,0,2601,0,601,2,0,1115,10,0,9,0,15,1,80,3,0,56,0,0,,,,,,,,,,,,,111500,healing,healing,1,60,0,0,0,0,0,0,,,,,,,,,,,,,,,,,,,,,,,,,,,,,,,,,,,,,,,,,,,,,,,,,,,,,,,,,,,
Karus,111,Karus novice priest,5,skill points in category 5,111503,Light restore,Light restore,Heal 100 HP over 20 seconds,0,0,2601,0,601,2,3,1115,25,0,9,0,15,1,80,3,0,56,0,0,,,,,,,,,,,,,111503,Restore,Restore,1,0,0,100,30,0,0,0,,,,,,,,,,,,,,,,,,,,,,,,,,,,,,,,,,,,,,,,,,,,,,,,,,,,,,,,,,,
Karus,111,Karus novice priest,5,skill points in category 5,111509,healing,healing,Heal 240 HP,0,0,2601,0,601,2,9,1115,20,0,9,0,15,1,80,3,0,56,0,0,,,,,,,,,,,,,111509,major healing,major healing,1,120,0,0,0,0,0,0,,,,,,,,,,,,,,,,,,,,,,,,,,,,,,,,,,,,,,,,,,,,,,,,,,,,,,,,,,,
Karus,111,Karus novice priest,5,skill points in category 5,111511,collision,collision,A fail-safe attack that inflicts 120% damage.,0,0,2601,0,10002,7,12,1115,30,0,0,0,0,1,100,1,0,0,0,0,111511,collision,A fail-safe attack that inflicts 120% damage.,1,100,200,0,100,0,1,0,0,,,,,,,,,,,,,,,,,,,,,,,,,,,,,,,,,,,,,,,,,,,,,,,,,,,,,,,,,,,,,,,,,,,,,,
Karus,111,Karus novice priest,5,skill points in category 5,111512,Restore,Restore,Heal 400 HP over 20 seconds,0,0,2601,0,601,2,12,1115,30,0,9,0,15,1,80,3,0,56,0,0,,,,,,,,,,,,,111512,Major restore,Major restore,1,0,0,200,30,0,0,0,,,,,,,,,,,,,,,,,,,,,,,,,,,,,,,,,,,,,,,,,,,,,,,,,,,,,,,,,,,
Karus,111,Karus novice priest,5,skill points in category 5,111518,major healing,major healing,Heal 360 HP,0,0,2601,0,601,2,18,1115,40,0,9,0,15,1,80,3,0,56,0,0,,,,,,,,,,,,,111518,Great healing,Great healing,1,240,0,0,0,0,0,0,,,,,,,,,,,,,,,,,,,,,,,,,,,,,,,,,,,,,,,,,,,,,,,,,,,,,,,,,,,
Karus,111,Karus novice priest,5,skill points in category 5,111520,shuddering,shuddering,A fail-safe attack that inflicts 150% damage.,0,0,2601,0,10002,7,21,1115,40,0,0,0,0,2,100,1,0,0,0,0,111520,shuddering,A fail-safe attack that inflicts 150% damage.,1,100,250,0,100,0,1,0,0,,,,,,,,,,,,,,,,,,,,,,,,,,,,,,,,,,,,,,,,,,,,,,,,,,,,,,,,,,,,,,,,,,,,,,
Karus,111,Karus novice priest,5,skill points in category 5,111521,Major restore,Major restore,Heal 600 HP over 20 seconds,0,0,2601,0,601,2,21,1115,100,0,9,0,15,1,80,3,0,56,0,0,,,,,,,,,,,,,111521,Great restore,Great restore,1,0,0,400,30,0,0,0,,,,,,,,,,,,,,,,,,,,,,,,,,,,,,,,,,,,,,,,,,,,,,,,,,,,,,,,,,,
Karus,111,Karus novice priest,5,skill points in category 5,111525,Cure curse,Cure curse,Neutralizes any resistance decreasing spells.,0,0,2701,0,702,2,25,1115,60,0,9,0,15,15,100,5,0,56,0,0,,,,,,,,,,,,,,,,,,,,,,,,,,,,,,,,,,,,,,,,,,,,,,,,,,,,,,,111525,Cure curse,Neutralizes any resistance decreasing spells.,2,0,0,,,,,,,,,,,,,,,,,,,,,,
Karus,111,Karus novice priest,5,skill points in category 5,111527,Great healing,Great healing,Heal 720 HP,0,0,2601,0,601,2,27,1115,80,0,9,0,15,20,80,3,0,56,0,0,,,,,,,,,,,,,111527,Massive healing,Massive healing,1,960,0,0,0,0,0,0,,,,,,,,,,,,,,,,,,,,,,,,,,,,,,,,,,,,,,,,,,,,,,,,,,,,,,,,,,,
Karus,111,Karus novice priest,5,skill points in category 5,111529,blasting,blasting,Increase strength by 30.,0,0,2701,0,701,1,30,1115,80,0,9,0,0,10,100,4,0,0,0,0,,,,,,,,,,,,,,,,,,,,,,,,111529,blasting,blasting,7,0,400,100,100,0,100,100,100,0,100,0,100,100,100,30,0,0,0,0,0,0,0,0,0,0,100,0,,,,,,,,,,,,,,,,,,,,,,,,,,,,
Karus,111,Karus novice priest,5,skill points in category 5,111530,Great restore,Great restore,Heal 800 HP over 20 seconds,0,0,2602,0,602,2,30,1115,200,0,9,0,15,1,80,3,0,56,0,0,,,,,,,,,,,,,111530,Massive restore,Massive restore,1,0,0,800,30,0,0,0,,,,,,,,,,,,,,,,,,,,,,,,,,,,,,,,,,,,,,,,,,,,,,,,,,,,,,,,,,,
Karus,111,Karus novice priest,5,skill points in category 5,111535,Cure disease,Cure disease,Neutralizes spells that decrease your HP,0,0,2701,0,702,2,35,1115,120,0,9,0,15,15,100,5,0,56,0,0,,,,,,,,,,,,,,,,,,,,,,,,,,,,,,,,,,,,,,,,,,,,,,,,,,,,,,,111535,Cure disease,Neutralizes spells that decrease your HP,1,0,0,,,,,,,,,,,,,,,,,,,,,,
Karus,111,Karus novice priest,5,skill points in category 5,111536,Massive healing,Massive healing,Heal 960 HP,0,0,2602,0,602,2,36,1115,160,0,9,0,15,1,80,3,0,56,0,0,,,,,,,,,,,,,111536,Superior healing,Superior healing,1,960,0,0,0,0,0,0,,,,,,,,,,,,,,,,,,,,,,,,,,,,,,,,,,,,,,,,,,,,,,,,,,,,,,,,,,,
Karus,111,Karus novice priest,5,skill points in category 5,111539,Massive restore,Massive restore,Heal 1500 HP over 20 seconds,0,0,2602,0,602,2,39,1115,375,0,9,0,15,1,80,3,0,56,0,0,,,,,,,,,,,,,111539,Superior restore,Superior restore,1,0,0,1500,30,0,0,0,,,,,,,,,,,,,,,,,,,,,,,,,,,,,,,,,,,,,,,,,,,,,,,,,,,,,,,,,,,
Karus,111,Karus novice priest,5,skill points in category 5,111542,ruin,ruin,A fail-safe attack that inflicts 150% damage and an additional 100 damage.,0,0,2601,0,10002,7,42,1115,100,0,0,0,0,20,100,1,0,0,0,0,111542,ruin,A fail-safe attack that inflicts 150% damage and an additional 100 damage.,1,100,300,100,100,0,1,0,0,,,,,,,,,,,,,,,,,,,,,,,,,,,,,,,,,,,,,,,,,,,,,,,,,,,,,,,,,,,,,,,,,,,,,,
Karus,111,Karus novice priest,5,skill points in category 5,111545,Superior healing,Superior healing,Heal 1920 HP,0,0,2603,0,603,2,45,1115,320,0,9,0,15,1,80,3,0,56,0,0,,,,,,,,,,,,,111545,Complete healing,Complete healing,1,1920,0,0,0,0,0,0,,,,,,,,,,,,,,,,,,,,,,,,,,,,,,,,,,,,,,,,,,,,,,,,,,,,,,,,,,,
Karus,111,Karus novice priest,5,skill points in category 5,111548,Superior restore,Superior restore,Heal 2500 HP over 20 seconds,0,0,2603,0,603,2,48,1115,625,0,9,0,15,1,80,3,0,56,0,0,,,,,,,,,,,,,111548,Group massive healing,Group massive healing,1,0,0,2500,30,0,0,0,,,,,,,,,,,,,,,,,,,,,,,,,,,,,,,,,,,,,,,,,,,,,,,,,,,,,,,,,,,
Karus,111,Karus novice priest,5,skill points in category 5,111551,Hellish,Hellish,A fail-safe attack that inflicts 200% damage and an additional 50 damage.,0,0,2601,0,10002,7,51,1115,120,0,0,0,0,30,100,1,0,0,0,0,111551,Hellish,A fail-safe attack that inflicts 200% damage and an additional 50 damage.,1,100,350,50,100,0,1,0,0,,,,,,,,,,,,,,,,,,,,,,,,,,,,,,,,,,,,,,,,,,,,,,,,,,,,,,,,,,,,,,,,,,,,,,
Karus,111,Karus novice priest,5,skill points in category 5,111554,Complete healing,Complete healing,Commpletely heal the HP of a friend,0,0,2603,0,603,2,54,1115,960,0,9,0,15,54,80,3,0,56,0,0,,,,,,,,,,,,,111554,Group complete healing,Group complete healing,1,10000,0,0,0,0,0,0,,,,,,,,,,,,,,,,,,,,,,,,,,,,,,,,,,,,,,,,,,,,,,,,,,,,,,,,,,,
Karus,111,Karus novice priest,5,skill points in category 5,111557,Group massive healing,Group massive healing,Heal 960 HP of all the members of your party.,0,0,2603,0,603,6,57,1115,960,0,9,0,15,54,80,3,0,56,0,0,,,,,,,,,,,,,111557,Clear mana,Clear mana,1,960,0,0,0,0,30,0,,,,,,,,,,,,,,,,,,,,,,,,,,,,,,,,,,,,,,,,,,,,,,,,,,,,,,,,,,,
Karus,111,Karus novice priest,5,skill points in category 5,111560,Group complete healing,Group complete healing,Completely heal all the members of your party,0,0,2603,0,603,6,60,1115,1920,0,9,0,15,64,80,3,0,56,0,0,,,,,,,,,,,,,111560,Sweep mana,Sweep mana,1,10000,0,0,0,0,30,0,,,,,,,,,,,,,,,,,,,,,,,,,,,,,,,,,,,,,,,,,,,,,,,,,,,,,,,,,,,
Karus,111,Karus novice priest,6,skill points in category 6,111603,Insensibility Skin,Insensibility Skin,Increase AC by 20,0,0,2701,0,701,2,3,1116,10,0,9,0,15,1,50,4,0,56,0,0,,,,,,,,,,,,,,,,,,,,,,,,111603,Insensibility Skin,Insensibility Skin,2,0,600,100,100,20,100,100,100,0,100,0,100,100,100,0,0,0,0,0,0,0,0,0,0,0,100,0,,,,,,,,,,,,,,,,,,,,,,,,,,,,
Karus,111,Karus novice priest,6,skill points in category 6,111606,Grace,Grace,Increase a party member's HP by 60.,0,0,2701,0,701,4,6,1116,15,0,9,0,15,1,50,4,0,56,0,0,,,,,,,,,,,,,,,,,,,,,,,,111606,Grace,Grace,1,0,600,100,100,0,100,100,100,60,100,0,100,100,100,0,0,0,0,0,0,0,0,0,0,0,100,0,,,,,,,,,,,,,,,,,,,,,,,,,,,,
Karus,111,Karus novice priest,6,skill points in category 6,111609,Resist all,Resist all,"Increase magic, curse, and poison resistance by 20",0,0,2701,0,701,2,9,1116,15,0,9,0,15,1,50,4,0,56,0,0,,,,,,,,,,,,,,,,,,,,,,,,111609,Resist all,Resist all,8,0,600,100,100,0,100,100,100,0,100,0,100,100,100,0,0,0,0,0,0,0,0,20,20,20,100,0,,,,,,,,,,,,,,,,,,,,,,,,,,,,
Karus,111,Karus novice priest,6,skill points in category 6,111611,Wrath,Wrath,A fail-safe attack that inflicts 120% damage.,0,0,2601,0,10002,7,12,1116,30,0,0,0,0,1,100,1,0,0,0,0,111611,Wrath,A fail-safe attack that inflicts 120% damage.,1,100,150,0,100,0,1,0,0,,,,,,,,,,,,,,,,,,,,,,,,,,,,,,,,,,,,,,,,,,,,,,,,,,,,,,,,,,,,,,,,,,,,,,
Karus,111,Karus novice priest,6,skill points in category 6,111612,Insensibility shell,Insensibility shell,Increase AC by 40,0,0,2701,0,701,2,12,1116,20,0,9,0,15,1,50,4,0,56,0,0,,,,,,,,,,,,,,,,,,,,,,,,111612,Insensibility shell,Insensibility shell,2,0,600,100,100,40,100,100,100,0,100,0,100,100,100,0,0,0,0,0,0,0,0,0,0,0,100,0,,,,,,,,,,,,,,,,,,,,,,,,,,,,
Karus,111,Karus novice priest,6,skill points in category 6,111615,Brave,Brave,Increase a party member's HP by 240.,0,0,2701,0,701,4,15,1116,30,0,9,0,15,1,50,4,0,56,0,0,,,,,,,,,,,,,,,,,,,,,,,,111615,Brave,Brave,1,0,600,100,100,0,100,100,100,120,100,0,100,100,100,0,0,0,0,0,0,0,0,0,0,0,100,0,,,,,,,,,,,,,,,,,,,,,,,,,,,,
Karus,111,Karus novice priest,6,skill points in category 6,111620,wield,wield,A fail-safe attack that inflicts 150% damage.,0,0,2601,0,10002,7,21,1116,40,0,0,0,0,2,100,1,0,0,0,0,111620,wield,A fail-safe attack that inflicts 150% damage.,1,100,200,0,100,0,1,0,0,,,,,,,,,,,,,,,,,,,,,,,,,,,,,,,,,,,,,,,,,,,,,,,,,,,,,,,,,,,,,,,,,,,,,,
Karus,111,Karus novice priest,6,skill points in category 6,111621,Insensibility armor,Insensibility armor,Increase AC by 80,0,0,2701,0,701,2,21,1116,40,0,9,0,15,1,50,4,0,56,0,0,,,,,,,,,,,,,,,,,,,,,,,,111621,Insensibility armor,Insensibility armor,2,0,600,100,100,80,100,100,100,0,100,0,100,100,100,0,0,0,0,0,0,0,0,0,0,0,100,0,,,,,,,,,,,,,,,,,,,,,,,,,,,,
Karus,111,Karus novice priest,6,skill points in category 6,111624,Strong,Strong,Increase a party member's HP by 360.,0,0,2701,0,701,4,24,1116,60,0,9,0,15,1,50,4,0,56,0,0,,,,,,,,,,,,,,,,,,,,,,,,111624,Strong,Strong,1,0,600,100,100,0,100,100,100,240,100,0,100,100,100,0,0,0,0,0,0,0,0,0,0,0,100,0,,,,,,,,,,,,,,,,,,,,,,,,,,,,
Karus,111,Karus novice priest,6,skill points in category 6,111627,Bright mind,Bright mind,"Increase magic, curse, and poison resistance by 40",0,0,2701,0,701,2,27,1116,30,0,9,0,15,1,50,4,0,56,0,0,,,,,,,,,,,,,,,,,,,,,,,,111627,Bright mind,Bright mind,8,0,600,100,100,0,100,100,100,0,100,0,100,100,100,0,0,0,0,0,0,0,0,40,40,40,100,0,,,,,,,,,,,,,,,,,,,,,,,,,,,,
Karus,111,Karus novice priest,6,skill points in category 6,111629,wildness,wildness,Increase strength by 30.,0,0,2701,0,701,1,30,1116,80,0,9,0,0,10,100,4,0,0,0,0,,,,,,,,,,,,,,,,,,,,,,,,111629,wildness,wildness,7,0,400,100,100,0,100,100,100,0,100,0,100,100,100,30,0,0,0,0,0,0,0,0,0,0,100,0,,,,,,,,,,,,,,,,,,,,,,,,,,,,
Karus,111,Karus novice priest,6,skill points in category 6,111630,Insensibility shield,Insensibility shield,Increase AC by 120,0,0,2702,0,702,2,30,1116,80,0,9,0,15,1,50,4,0,56,0,0,,,,,,,,,,,,,,,,,,,,,,,,111630,Insensibility shield,Insensibility shield,2,0,600,100,100,120,100,100,100,0,100,0,100,100,100,0,0,0,0,0,0,0,0,0,0,0,100,0,,,,,,,,,,,,,,,,,,,,,,,,,,,,
Karus,111,Karus novice priest,6,skill points in category 6,111633,Hardness,Hardness,Increase a party member's HP by 720.,0,0,2702,0,702,4,33,1116,120,0,9,0,15,1,50,4,0,56,0,0,,,,,,,,,,,,,,,,,,,,,,,,111633,Hardness,Hardness,1,0,600,100,100,0,100,100,100,480,100,0,100,100,100,0,0,0,0,0,0,0,0,0,0,0,100,0,,,,,,,,,,,,,,,,,,,,,,,,,,,,
Karus,111,Karus novice priest,6,skill points in category 6,111636,Calm mind,Calm mind,"Increase magic, curse, and poison resistance by 60",0,0,2702,0,702,2,36,1116,45,0,9,0,15,1,50,4,0,56,0,0,,,,,,,,,,,,,,,,,,,,,,,,111636,Calm mind,Calm mind,8,0,600,100,100,0,100,100,100,0,100,0,100,100,100,0,0,0,0,0,0,0,0,60,60,60,100,0,,,,,,,,,,,,,,,,,,,,,,,,,,,,
Karus,111,Karus novice priest,6,skill points in category 6,111639,Insensibility barrier,Insensibility barrier,Increase AC by 160,0,0,2702,0,702,2,39,1116,80,0,9,0,15,1,50,4,0,56,0,0,,,,,,,,,,,,,,,,,,,,,,,,111639,Insensibility barrier,Insensibility barrier,2,0,600,100,100,160,100,100,100,0,100,0,100,100,100,0,0,0,0,0,0,0,0,0,0,0,100,0,,,,,,,,,,,,,,,,,,,,,,,,,,,,
Karus,111,Karus novice priest,6,skill points in category 6,111641,Harsh,Harsh,A fail-safe attack that inflicts 150% damage and an additional 100 damage.,0,0,2601,0,10002,7,42,1116,100,0,0,0,0,20,100,1,0,0,0,0,111641,Harsh,A fail-safe attack that inflicts 150% damage and an additional 100 damage.,1,100,200,100,100,0,1,0,0,,,,,,,,,,,,,,,,,,,,,,,,,,,,,,,,,,,,,,,,,,,,,,,,,,,,,,,,,,,,,,,,,,,,,,
Karus,111,Karus novice priest,6,skill points in category 6,111642,Mightness,Mightness,Increase a party member's HP by 960.,0,0,2703,0,703,4,42,1116,240,0,9,0,15,1,50,4,0,56,0,0,,,,,,,,,,,,,,,,,,,,,,,,111642,Mightness,Mightness,1,0,600,100,100,0,100,100,100,960,100,0,100,100,100,0,0,0,0,0,0,0,0,0,0,0,100,0,,,,,,,,,,,,,,,,,,,,,,,,,,,,
Karus,111,Karus novice priest,6,skill points in category 6,111645,Fresh mind,Fresh mind,"Increase magic, curse, and poison resistance by 80",0,0,2703,0,703,2,45,1116,60,0,9,0,15,1,50,4,0,56,0,0,,,,,,,,,,,,,,,,,,,,,,,,111645,Fresh mind,Fresh mind,8,0,600,100,100,0,100,100,100,0,100,0,100,100,100,0,0,0,0,0,0,0,0,80,80,80,100,0,,,,,,,,,,,,,,,,,,,,,,,,,,,,
Karus,111,Karus novice priest,6,skill points in category 6,111650,collapse,collapse,A fail-safe attack that inflicts 200% damage and an additional 50 damage.,0,0,2601,0,10002,7,51,1116,120,0,0,0,0,30,100,1,0,0,0,0,111650,collapse,A fail-safe attack that inflicts 200% damage and an additional 50 damage.,1,100,350,50,100,0,1,0,0,,,,,,,,,,,,,,,,,,,,,,,,,,,,,,,,,,,,,,,,,,,,,,,,,,,,,,,,,,,,,,,,,,,,,,
Karus,111,Karus novice priest,6,skill points in category 6,111651,Insensibility protector,Insensibility protector,Increase AC by 200,0,0,2703,0,703,2,51,1116,100,0,9,0,15,1,50,4,0,56,0,0,,,,,,,,,,,,,,,,,,,,,,,,111651,Insensibility protector,Insensibility protector,2,0,600,100,100,200,100,100,100,0,100,0,100,100,100,0,0,0,0,0,0,0,0,0,0,0,100,0,,,,,,,,,,,,,,,,,,,,,,,,,,,,
Karus,111,Karus novice priest,6,skill points in category 6,111654,Undying,Undying,Increase the max HP limit of a party member by 60%,0,0,2703,0,703,4,54,1116,240,0,9,0,15,1,50,4,0,56,0,0,,,,,,,,,,,,,,,,,,,,,,,,111654,Undying,Undying,1,0,600,100,100,0,100,100,100,0,160,0,100,100,100,0,0,0,0,0,0,0,0,0,0,0,100,0,,,,,,,,,,,,,,,,,,,,,,,,,,,,
Karus,111,Karus novice priest,6,skill points in category 6,111655,Heapness,Heapness,Increase the max HP limit of a party member by 1200,0,0,2703,0,703,4,54,1116,300,0,9,0,15,1,50,4,0,56,0,0,,,,,,,,,,,,,,,,,,,,,,,,111655,Heapness,Heapness,1,0,600,100,100,0,100,100,100,1200,100,0,100,100,100,0,0,0,0,0,0,0,0,0,0,0,100,0,,,,,,,,,,,,,,,,,,,,,,,,,,,,
Karus,111,Karus novice priest,6,skill points in category 6,111656,Greatness,Greatness,Increase the max HP limit of all the party member by 1200,0,0,2703,0,703,6,57,1116,570,0,9,0,15,1,50,4,0,101,0,0,,,,,,,,,,,,,,,,,,,,,,,,111656,Greatness,Greatness,1,30,600,100,100,0,100,100,100,1200,100,0,100,100,100,0,0,0,0,0,0,0,0,0,0,0,100,0,,,,,,,,,,,,,,,,,,,,,,,,,,,,
Karus,111,Karus novice priest,6,skill points in category 6,111657,massiveness,massiveness,Increase the max HP limit of a party member by 1500,0,0,2703,0,703,4,57,1116,360,0,9,0,15,1,50,4,0,56,0,0,,,,,,,,,,,,,,,,,,,,,,,,111657,massiveness,massiveness,1,0,600,100,100,0,100,100,100,1500,100,0,100,100,100,0,0,0,0,0,0,0,0,0,0,0,100,0,,,,,,,,,,,,,,,,,,,,,,,,,,,,
Karus,111,Karus novice priest,6,skill points in category 6,111660,Insensibility peel,Insensibility peel,Increase the AC by 300,0,0,2703,0,703,2,60,1116,150,0,9,0,15,1,50,4,0,56,0,0,,,,,,,,,,,,,,,,,,,,,,,,111660,Insensibility peel,Insensibility peel,2,0,600,100,100,300,100,100,100,0,100,0,100,100,100,0,0,0,0,0,0,0,0,0,0,0,100,0,,,,,,,,,,,,,,,,,,,,,,,,,,,,
Karus,111,Karus novice priest,7,skill points in category 7,111700,Gate,Gate,Teleport to your chosen resurrection spot,0,0,2401,0,401,1,0,1117,20,0,9,0,15,74,50,8,0,56,0,0,,,,,,,,,,,,,,,,,,,,,,,,,,,,,,,,,,,,,,,,,,,,,,,,,,,,,,,,,,,,,,,,,,,,,,,,,,,111700,Gate,Teleport to your chosen resurrection spot,1,10000,1,0,0
Karus,111,Karus novice priest,7,skill points in category 7,111703,Malice,Malice,Decrease your enemy's defense ability by 25%,0,0,2702,0,801,7,3,1117,40,0,9,0,15,74,50,4,0,90,0,0,,,,,,,,,,,,,,,,,,,,,,,,111703,Malice,Malice,2,0,150,100,100,0,75,100,100,0,100,0,100,100,100,0,0,0,0,0,0,0,0,0,0,0,100,0,,,,,,,,,,,,,,,,,,,,,,,,,,,,
Karus,111,Karus novice priest,7,skill points in category 7,111709,Clear mana,Clear mana,Decrease your enemy's Mana by 480.,0,0,3101,0,1101,7,9,1117,80,0,9,0,15,74,50,3,0,56,0,0,,,,,,,,,,,,,111709,Tiny healing,Tiny healing,2,-480,0,0,0,0,0,0,,,,,,,,,,,,,,,,,,,,,,,,,,,,,,,,,,,,,,,,,,,,,,,,,,,,,,,,,,,
Karus,111,Karus novice priest,7,skill points in category 7,111712,tilt,tilt,A fail-safe attack that inflicts 120% damage.,0,0,2601,0,10002,7,12,1117,30,0,0,0,0,1,100,1,0,0,0,0,111712,tilt,A fail-safe attack that inflicts 120% damage.,1,100,150,0,100,0,1,0,0,,,,,,,,,,,,,,,,,,,,,,,,,,,,,,,,,,,,,,,,,,,,,,,,,,,,,,,,,,,,,,,,,,,,,,
Karus,111,Karus novice priest,7,skill points in category 7,111715,Confusion,Confusion,Decrease your enemy's MP by 30.,0,0,2702,0,801,7,15,1117,80,0,9,0,15,74,50,4,0,56,0,0,,,,,,,,,,,,,,,,,,,,,,,,111715,Confusion,Confusion,7,0,150,100,100,0,100,100,100,0,100,0,100,100,100,0,0,0,0,-30,0,0,0,0,0,0,100,0,,,,,,,,,,,,,,,,,,,,,,,,,,,,
Karus,111,Karus novice priest,7,skill points in category 7,111721,Bloody,Bloody,A fail-safe attack that inflicts 150% damage.,0,0,2601,0,10002,7,21,1117,40,0,0,0,0,2,100,1,0,0,0,0,111721,Bloody,A fail-safe attack that inflicts 150% damage.,1,100,300,0,100,0,1,0,0,,,,,,,,,,,,,,,,,,,,,,,,,,,,,,,,,,,,,,,,,,,,,,,,,,,,,,,,,,,,,,,,,,,,,,
Karus,111,Karus novice priest,7,skill points in category 7,111724,Slow,Slow,Decrease your enemy's attack speed by 20%,0,0,2702,0,801,7,24,1117,120,0,9,0,15,74,50,4,0,56,0,0,,,,,,,,,,,,,,,,,,,,,,,,111724,Slow,Slow,5,0,150,70,100,0,100,100,100,0,100,0,100,100,100,0,0,0,0,0,0,0,0,0,0,0,100,0,,,,,,,,,,,,,,,,,,,,,,,,,,,,
Karus,111,Karus novice priest,7,skill points in category 7,111727,Reverse life,Reverse life,Neutralizes enemy's HP bonus spells.,0,0,2702,0,801,7,27,1117,50,0,9,0,15,94,50,4,0,56,0,0,,,,,,,,,,,,,,,,,,,,,,,,111727,Reverse life,Reverse life,1,0,1,100,100,0,100,100,100,0,99,0,100,100,100,0,0,0,0,0,0,0,0,0,0,0,100,0,,,,,,,,,,,,,,,,,,,,,,,,,,,,
Karus,111,Karus novice priest,7,skill points in category 7,111729,Eruption,Eruption,Increase strength by 30.,0,0,2701,0,701,1,30,1117,80,0,9,0,0,10,100,4,0,0,0,0,,,,,,,,,,,,,,,,,,,,,,,,111729,Eruption,Eruption,7,0,400,100,100,0,100,100,100,0,100,0,100,100,100,30,0,0,0,0,0,0,0,0,0,0,100,0,,,,,,,,,,,,,,,,,,,,,,,,,,,,
Karus,111,Karus novice priest,7,skill points in category 7,111730,Sleep Wing,Sleep Wing,Puts a monster to sleep for 20 seconds,0,0,2702,0,801,7,30,1117,120,0,9,0,15,74,50,7,0,56,0,0,,,,,,,,,,,,,,,,,,,,,,,,,,,,,,,,,,,,,,,,,,,,,,,,,,,,,,,,,,,,,111730,Sleep Wing,Puts a monster to sleep for 20 seconds,0,0,0,2,0,0,100,20,0,100,0,,,,,,,,
Karus,111,Karus novice priest,7,skill points in category 7,111733,Resurrection of love,Resurrection of love,Resurrect regaining 60% of the original experience lost,0,0,2602,0,702,25,33,1117,400,0,9,379006000,15,250,50,5,0,11,0,0,,,,,,,,,,,,,,,,,,,,,,,,,,,,,,,,,,,,,,,,,,,,,,,,,,,,,,,111733,Resurrection of love,Resurrect regaining 60% of the original experience lost,3,10,4,,,,,,,,,,,,,,,,,,,,,,
Karus,111,Karus novice priest,7,skill points in category 7,111736,Sweep mana,Sweep mana,Decrease your enemy's Mana by 960,0,0,3101,0,1101,7,36,1117,160,0,9,0,15,74,50,3,0,56,0,0,,,,,,,,,,,,,111736,Light strike,Light strike,2,-960,0,0,0,0,0,0,,,,,,,,,,,,,,,,,,,,,,,,,,,,,,,,,,,,,,,,,,,,,,,,,,,,,,,,,,,
Karus,111,Karus novice priest,7,skill points in category 7,111739,raving edge,raving edge,A fail-safe attack that inflicts 150% damage and an additional 100 damage.,0,0,2601,0,10002,7,39,1117,100,0,0,0,0,20,100,1,0,0,0,0,111739,raving edge,A fail-safe attack that inflicts 150% damage and an additional 100 damage.,1,100,250,100,100,0,1,0,0,,,,,,,,,,,,,,,,,,,,,,,,,,,,,,,,,,,,,,,,,,,,,,,,,,,,,,,,,,,,,,,,,,,,,,
Karus,111,Karus novice priest,7,skill points in category 7,111742,Resurrection of grace,Resurrection of grace,Resurrect regaining 70% of the original experience lost,0,0,2602,0,702,25,42,1117,600,0,9,379006000,15,250,50,5,0,11,0,0,,,,,,,,,,,,,,,,,,,,,,,,,,,,,,,,,,,,,,,,,,,,,,,,,,,,,,,111742,Resurrection of grace,Resurrect regaining 70% of the original experience lost,3,10,10,,,,,,,,,,,,,,,,,,,,,,
Karus,111,Karus novice priest,7,skill points in category 7,111745,Parasite,Parasite,Decrease your enemy's max HP by 20%,0,0,2702,0,801,7,45,1117,100,0,9,0,15,74,50,4,0,101,0,0,,,,,,,,,,,,,,,,,,,,,,,,111745,Parasite,Parasite,1,0,150,100,100,0,100,100,100,0,80,0,100,100,100,0,0,0,0,0,0,0,0,0,0,0,100,0,,,,,,,,,,,,,,,,,,,,,,,,,,,,
Karus,111,Karus novice priest,7,skill points in category 7,111750,Hades,Hades,A fail-safe attack that inflicts 200% damage and an additional 50 damage.,0,0,2601,0,10002,7,51,1117,120,0,0,0,0,30,100,1,0,0,0,0,111750,Hades,A fail-safe attack that inflicts 200% damage and an additional 50 damage.,1,100,350,50,100,0,1,0,0,,,,,,,,,,,,,,,,,,,,,,,,,,,,,,,,,,,,,,,,,,,,,,,,,,,,,,,,,,,,,,,,,,,,,,
Karus,111,Karus novice priest,7,skill points in category 7,111751,sleep Carpet,sleep Carpet,Puts all the monsters in an area to sleep for 20 seconds,0,0,2702,0,801,10,51,1117,240,0,9,0,15,94,50,7,0,56,0,0,,,,,,,,,,,,,,,,,,,,,,,,,,,,,,,,,,,,,,,,,,,,,,,,,,,,,,,,,,,,,111751,sleep Carpet,Puts all the monsters in an area to sleep for 20 seconds,0,0,0,2,0,30,100,20,0,100,0,,,,,,,,
Karus,111,Karus novice priest,7,skill points in category 7,111754,Resurrection of favors,Resurrection of favors,Resurrect regaining 80% of the original experience lost,0,0,2602,0,702,25,54,1117,800,0,9,379006000,15,250,50,5,0,11,0,0,,,,,,,,,,,,,,,,,,,,,,,,,,,,,,,,,,,,,,,,,,,,,,,,,,,,,,,111754,Resurrection of favors,Resurrect regaining 80% of the original experience lost,3,10,30,,,,,,,,,,,,,,,,,,,,,,
Karus,111,Karus novice priest,7,skill points in category 7,111757,Torment,Torment,Decrease all enemy's defense by 30% in a certain area.,0,0,2702,0,801,10,57,1117,150,0,9,0,15,94,50,4,0,56,0,0,,,,,,,,,,,,,,,,,,,,,,,,111757,Torment,Torment,2,10,150,100,100,0,70,100,100,0,100,0,100,100,100,0,0,0,0,0,0,0,0,0,0,0,100,0,,,,,,,,,,,,,,,,,,,,,,,,,,,,
Karus,111,Karus novice priest,7,skill points in category 7,111760,Massive,Massive,Decrease your enemy's attack power by 20%,0,0,2702,0,801,7,60,1117,180,0,9,0,15,104,50,4,0,101,0,0,,,,,,,,,,,,,,,,,,,,,,,,111760,Massive,Massive,4,0,150,100,100,0,100,80,100,0,100,0,100,100,100,0,0,0,0,0,0,0,0,0,0,0,100,0,,,,,,,,,,,,,,,,,,,,,,,,,,,,
Karus,112,Karus master priest,0,char level,112001,Tiny healing,Tiny healing,Heal 15 HP,0,0,2601,0,601,2,1,1120,5,0,9,0,19,1,80,3,0,56,0,0,,,,,,,,,,,,,112001,Light healing,Light healing,1,15,0,0,0,0,0,0,,,,,,,,,,,,,,,,,,,,,,,,,,,,,,,,,,,,,,,,,,,,,,,,,,,,,,,,,,,
Karus,112,Karus master priest,0,char level,112002,Light strike,Light strike,Light magic attack,0,0,3101,0,1101,7,2,1120,5,0,9,0,15,54,50,3,0,56,0,0,,,,,,,,,,,,,112002,Brightness,Brightness,1,-29,0,0,0,4,0,0,,,,,,,,,,,,,,,,,,,,,,,,,,,,,,,,,,,,,,,,,,,,,,,,,,,,,,,,,,,
Karus,112,Karus master priest,0,char level,112004,Strength,Strength,Increase strength by 15,0,0,2601,0,601,2,4,1120,10,0,9,0,15,1,50,4,0,56,0,0,,,,,,,,,,,,,,,,,,,,,,,,112004,Strength,Strength,7,0,600,100,100,0,100,100,100,0,100,0,100,100,100,15,0,0,0,0,0,0,0,0,0,0,100,0,,,,,,,,,,,,,,,,,,,,,,,,,,,,
Karus,112,Karus master priest,0,char level,112005,Light healing,Light healing,Heal 30 HP,0,0,2601,0,601,2,5,1120,10,0,9,0,19,1,80,3,0,56,0,0,,,,,,,,,,,,,112005,Tiny restore,Tiny restore,1,30,0,0,0,0,0,0,,,,,,,,,,,,,,,,,,,,,,,,,,,,,,,,,,,,,,,,,,,,,,,,,,,,,,,,,,,
Karus,112,Karus master priest,0,char level,112006,Resist poison,Resist poison,Increase resistance to poison by 20,0,0,2701,0,701,2,6,1120,10,0,9,0,15,1,50,4,0,56,0,0,,,,,,,,,,,,,,,,,,,,,,,,112006,Resist poison,Resist poison,8,0,600,100,100,0,100,100,100,0,100,0,100,100,100,0,0,0,0,0,0,0,0,0,0,20,100,0,,,,,,,,,,,,,,,,,,,,,,,,,,,,
Karus,112,Karus master priest,0,char level,112007,Brightness,Brightness,Light magic attack,0,0,3101,0,1101,7,7,1120,10,0,9,0,15,54,50,3,0,56,0,0,,,,,,,,,,,,,112007,Light Attack,Light Attack,1,-77,0,0,0,4,0,0,,,,,,,,,,,,,,,,,,,,,,,,,,,,,,,,,,,,,,,,,,,,,,,,,,,,,,,,,,,
Karus,112,Karus master priest,0,char level,112008,Tiny restore,Tiny restore,Heal 50 HP over 20 seconds,0,0,2601,0,601,2,8,1120,15,0,9,0,15,1,80,3,0,56,0,0,,,,,,,,,,,,,112008,Light Counter,Light Counter,1,0,0,50,20,0,0,0,,,,,,,,,,,,,,,,,,,,,,,,,,,,,,,,,,,,,,,,,,,,,,,,,,,,,,,,,,,
Karus,112,Karus master priest,9,cat 9 (special),112009,whipping,whipping,Whips the horse to temporarily increase the horse's movement speed.,0,0,2701,0,10029,1,1,1129,5,0,9,0,0,255,100,4,0,0,0,0,,,,,,,,,,,,,,,,,,,,,,,,112009,whipping,whipping,6,0,1200,100,200,0,100,100,100,0,100,0,100,100,100,0,0,0,0,0,0,0,0,0,0,0,100,0,,,,,,,,,,,,,,,,,,,,,,,,,,,,
Karus,112,Karus master priest,0,char level,112010,Light Attack,Light Attack,A magic attack that uses light,0,0,3101,0,1101,7,18,1120,50,0,9,0,15,25,80,3,0,33,0,0,,,,,,,,,,,,,112010,Critical Light,Critical Light,2,-105,0,-10,10,4,0,0,,,,,,,,,,,,,,,,,,,,,,,,,,,,,,,,,,,,,,,,,,,,,,,,,,,,,,,,,,,
Karus,112,Karus master priest,0,char level,112011,Light Counter,Light Counter,A magic attack that uses light,0,0,3101,0,1101,7,24,1120,100,0,9,0,15,31,80,3,0,33,0,0,,,,,,,,,,,,,112011,minor healing,minor healing,2,-260,0,-30,10,4,0,0,,,,,,,,,,,,,,,,,,,,,,,,,,,,,,,,,,,,,,,,,,,,,,,,,,,,,,,,,,,
Karus,112,Karus master priest,0,char level,112012,Critical Light,Critical Light,A magic attack that uses light,0,0,3101,0,1101,7,33,1120,150,0,9,0,15,37,80,3,0,33,0,0,,,,,,,,,,,,,112012,Light restore,Light restore,2,-385,0,-50,10,4,0,0,,,,,,,,,,,,,,,,,,,,,,,,,,,,,,,,,,,,,,,,,,,,,,,,,,,,,,,,,,,
Karus,112,Karus master priest,5,skill points in category 5,112500,minor healing,minor healing,Heal 60 HP,0,0,2601,0,601,2,0,1125,10,0,9,0,15,1,80,3,0,56,0,0,,,,,,,,,,,,,112500,healing,healing,1,60,0,0,0,0,0,0,,,,,,,,,,,,,,,,,,,,,,,,,,,,,,,,,,,,,,,,,,,,,,,,,,,,,,,,,,,
Karus,112,Karus master priest,5,skill points in category 5,112503,Light restore,Light restore,Heal 100 HP over 20 seconds,0,0,2601,0,601,2,3,1125,25,0,9,0,15,1,80,3,0,56,0,0,,,,,,,,,,,,,112503,Restore,Restore,1,0,0,100,30,0,0,0,,,,,,,,,,,,,,,,,,,,,,,,,,,,,,,,,,,,,,,,,,,,,,,,,,,,,,,,,,,
Karus,112,Karus master priest,5,skill points in category 5,112509,healing,healing,Heal 240 HP,0,0,2601,0,601,2,9,1125,20,0,9,0,15,1,80,3,0,56,0,0,,,,,,,,,,,,,112509,major healing,major healing,1,120,0,0,0,0,0,0,,,,,,,,,,,,,,,,,,,,,,,,,,,,,,,,,,,,,,,,,,,,,,,,,,,,,,,,,,,
Karus,112,Karus master priest,5,skill points in category 5,112511,collision,collision,A fail-safe attack that inflicts 120% damage.,0,0,2601,0,10002,7,12,1125,30,0,0,0,0,1,100,1,0,0,0,0,112511,collision,A fail-safe attack that inflicts 120% damage.,1,100,200,0,100,0,1,0,0,,,,,,,,,,,,,,,,,,,,,,,,,,,,,,,,,,,,,,,,,,,,,,,,,,,,,,,,,,,,,,,,,,,,,,
Karus,112,Karus master priest,5,skill points in category 5,112512,Restore,Restore,Heal 400 HP over 20 seconds,0,0,2601,0,601,2,12,1125,30,0,9,0,15,1,80,3,0,56,0,0,,,,,,,,,,,,,112512,Major restore,Major restore,1,0,0,200,30,0,0,0,,,,,,,,,,,,,,,,,,,,,,,,,,,,,,,,,,,,,,,,,,,,,,,,,,,,,,,,,,,
Karus,112,Karus master priest,5,skill points in category 5,112518,major healing,major healing,Heal 360 HP,0,0,2601,0,601,2,18,1125,40,0,9,0,15,1,80,3,0,56,0,0,,,,,,,,,,,,,112518,Great healing,Great healing,1,240,0,0,0,0,0,0,,,,,,,,,,,,,,,,,,,,,,,,,,,,,,,,,,,,,,,,,,,,,,,,,,,,,,,,,,,
Karus,112,Karus master priest,5,skill points in category 5,112520,shuddering,shuddering,A fail-safe attack that inflicts 150% damage.,0,0,2601,0,10002,7,21,1125,40,0,0,0,0,2,100,1,0,0,0,0,112520,shuddering,A fail-safe attack that inflicts 150% damage.,1,100,250,0,100,0,1,0,0,,,,,,,,,,,,,,,,,,,,,,,,,,,,,,,,,,,,,,,,,,,,,,,,,,,,,,,,,,,,,,,,,,,,,,
Karus,112,Karus master priest,5,skill points in category 5,112521,Major restore,Major restore,Heal 600 HP over 20 seconds,0,0,2601,0,601,2,21,1125,100,0,9,0,15,1,80,3,0,56,0,0,,,,,,,,,,,,,112521,Great restore,Great restore,1,0,0,400,30,0,0,0,,,,,,,,,,,,,,,,,,,,,,,,,,,,,,,,,,,,,,,,,,,,,,,,,,,,,,,,,,,
Karus,112,Karus master priest,5,skill points in category 5,112525,Cure curse,Cure curse,Neutralizes any resistance decreasing spells.,0,0,2701,0,702,2,25,1125,60,0,9,0,15,15,100,5,0,56,0,0,,,,,,,,,,,,,,,,,,,,,,,,,,,,,,,,,,,,,,,,,,,,,,,,,,,,,,,112525,Cure curse,Neutralizes any resistance decreasing spells.,2,0,0,,,,,,,,,,,,,,,,,,,,,,
Karus,112,Karus master priest,5,skill points in category 5,112527,Great healing,Great healing,Heal 720 HP,0,0,2601,0,601,2,27,1125,80,0,9,0,15,20,80,3,0,56,0,0,,,,,,,,,,,,,112527,Massive healing,Massive healing,1,960,0,0,0,0,0,0,,,,,,,,,,,,,,,,,,,,,,,,,,,,,,,,,,,,,,,,,,,,,,,,,,,,,,,,,,,
Karus,112,Karus master priest,5,skill points in category 5,112529,blasting,blasting,Increase strength by 30.,0,0,2701,0,701,1,30,1125,80,0,9,0,0,10,100,4,0,0,0,0,,,,,,,,,,,,,,,,,,,,,,,,112529,blasting,blasting,7,0,400,100,100,0,100,100,100,0,100,0,100,100,100,30,0,0,0,0,0,0,0,0,0,0,100,0,,,,,,,,,,,,,,,,,,,,,,,,,,,,
Karus,112,Karus master priest,5,skill points in category 5,112530,Great restore,Great restore,Heal 800 HP over 20 seconds,0,0,2602,0,602,2,30,1125,200,0,9,0,15,1,80,3,0,56,0,0,,,,,,,,,,,,,112530,Massive restore,Massive restore,1,0,0,800,30,0,0,0,,,,,,,,,,,,,,,,,,,,,,,,,,,,,,,,,,,,,,,,,,,,,,,,,,,,,,,,,,,
Karus,112,Karus master priest,5,skill points in category 5,112535,Cure disease,Cure disease,Neutralizes spells that decrease your HP,0,0,2701,0,702,2,35,1125,120,0,9,0,15,15,100,5,0,56,0,0,,,,,,,,,,,,,,,,,,,,,,,,,,,,,,,,,,,,,,,,,,,,,,,,,,,,,,,112535,Cure disease,Neutralizes spells that decrease your HP,1,0,0,,,,,,,,,,,,,,,,,,,,,,
Karus,112,Karus master priest,5,skill points in category 5,112536,Massive healing,Massive healing,Heal 960 HP,0,0,2602,0,602,2,36,1125,160,0,9,0,15,1,80,3,0,56,0,0,,,,,,,,,,,,,112536,Superior healing,Superior healing,1,960,0,0,0,0,0,0,,,,,,,,,,,,,,,,,,,,,,,,,,,,,,,,,,,,,,,,,,,,,,,,,,,,,,,,,,,
Karus,112,Karus master priest,5,skill points in category 5,112539,Massive restore,Massive restore,Heal 1500 HP over 20 seconds,0,0,2602,0,602,2,39,1125,375,0,9,0,15,1,80,3,0,56,0,0,,,,,,,,,,,,,112539,Superior restore,Superior restore,1,0,0,1500,30,0,0,0,,,,,,,,,,,,,,,,,,,,,,,,,,,,,,,,,,,,,,,,,,,,,,,,,,,,,,,,,,,
Karus,112,Karus master priest,5,skill points in category 5,112542,ruin,ruin,A fail-safe attack that inflicts 150% damage and an additional 100 damage.,0,0,2601,0,10002,7,42,1125,100,0,0,0,0,20,100,1,0,0,0,0,112542,ruin,A fail-safe attack that inflicts 150% damage and an additional 100 damage.,1,100,300,100,100,0,1,0,0,,,,,,,,,,,,,,,,,,,,,,,,,,,,,,,,,,,,,,,,,,,,,,,,,,,,,,,,,,,,,,,,,,,,,,
Karus,112,Karus master priest,5,skill points in category 5,112545,Superior healing,Superior healing,Heal 1920 HP,0,0,2603,0,603,2,45,1125,320,0,9,0,15,1,80,3,0,56,0,0,,,,,,,,,,,,,112545,Complete healing,Complete healing,1,1920,0,0,0,0,0,0,,,,,,,,,,,,,,,,,,,,,,,,,,,,,,,,,,,,,,,,,,,,,,,,,,,,,,,,,,,
Karus,112,Karus master priest,5,skill points in category 5,112548,Superior restore,Superior restore,Heal 2500 HP over 20 seconds,0,0,2603,0,603,2,48,1125,625,0,9,0,15,1,80,3,0,56,0,0,,,,,,,,,,,,,112548,Group massive healing,Group massive healing,1,0,0,2500,30,0,0,0,,,,,,,,,,,,,,,,,,,,,,,,,,,,,,,,,,,,,,,,,,,,,,,,,,,,,,,,,,,
Karus,112,Karus master priest,5,skill points in category 5,112551,Hellish,Hellish,A fail-safe attack that inflicts 200% damage and an additional 50 damage.,0,0,2601,0,10002,7,51,1125,120,0,0,0,0,30,100,1,0,0,0,0,112551,Hellish,A fail-safe attack that inflicts 200% damage and an additional 50 damage.,1,100,350,50,100,0,1,0,0,,,,,,,,,,,,,,,,,,,,,,,,,,,,,,,,,,,,,,,,,,,,,,,,,,,,,,,,,,,,,,,,,,,,,,
Karus,112,Karus master priest,5,skill points in category 5,112554,Complete healing,Complete healing,Commpletely heal the HP of a friend,0,0,2603,0,603,2,54,1125,960,0,9,0,15,54,80,3,0,56,0,0,,,,,,,,,,,,,112554,Group complete healing,Group complete healing,1,10000,0,0,0,0,0,0,,,,,,,,,,,,,,,,,,,,,,,,,,,,,,,,,,,,,,,,,,,,,,,,,,,,,,,,,,,
Karus,112,Karus master priest,5,skill points in category 5,112557,Group massive healing,Group massive healing,Heal 960 HP of all the members of your party.,0,0,2603,0,603,6,57,1125,960,0,9,0,15,54,80,3,0,56,0,0,,,,,,,,,,,,,112557,critical restore,critical restore,1,960,0,0,0,0,30,0,,,,,,,,,,,,,,,,,,,,,,,,,,,,,,,,,,,,,,,,,,,,,,,,,,,,,,,,,,,
Karus,112,Karus master priest,5,skill points in category 5,112560,Group complete healing,Group complete healing,Completely heal all the members of your party,0,0,2603,0,603,6,60,1125,1920,0,9,0,15,64,80,3,0,56,0,0,,,,,,,,,,,,,112560,Past Recovery,Past Recovery,1,10000,0,0,0,0,30,0,,,,,,,,,,,,,,,,,,,,,,,,,,,,,,,,,,,,,,,,,,,,,,,,,,,,,,,,,,,
Karus,112,Karus master priest,5,skill points in category 5,112570,critical restore,critical restore,Heals 3000HP over 20 seconds for party members in a certain area.,0,0,2603,0,603,6,70,1125,1000,0,9,0,15,1,70,3,0,56,0,54,,,,,,,,,,,,,112570,Past Restore,Past Restore,1,0,0,3000,20,0,20,0,,,,,,,,,,,,,,,,,,,,,,,,,,,,,,,,,,,,,,,,,,,,,,,,,,,,,,,,,,,
Karus,112,Karus master priest,5,skill points in category 5,112575,Past Recovery,Past Recovery,Heals a friend for 2500 HP and heals for an additional 3000 HP over 20 seconds.,0,0,2603,0,603,6,75,1125,1200,0,9,0,15,1,70,3,0,67,520,0,,,,,,,,,,,,,112575,Clear mana,Clear mana,1,2500,30,3000,20,0,30,0,,,,,,,,,,,,,,,,,,,,,,,,,,,,,,,,,,,,,,,,,,,,,,,,,,,,,,,,,,,
Karus,112,Karus master priest,5,skill points in category 5,112580,Past Restore,Past Restore,Heals 6000 HP over 20 seconds for all party members in a certain area.,0,0,2603,0,603,6,80,1125,1400,0,9,0,15,255,70,3,0,67,523,0,,,,,,,,,,,,,112580,Sweep mana,Sweep mana,1,0,30,6000,20,0,30,0,,,,,,,,,,,,,,,,,,,,,,,,,,,,,,,,,,,,,,,,,,,,,,,,,,,,,,,,,,,
Karus,112,Karus master priest,6,skill points in category 6,112603,Insensibility Skin,Insensibility Skin,Increase AC by 20,0,0,2701,0,701,2,3,1126,10,0,9,0,15,1,50,4,0,56,0,0,,,,,,,,,,,,,,,,,,,,,,,,112603,Insensibility Skin,Insensibility Skin,2,0,600,100,100,20,100,100,100,0,100,0,100,100,100,0,0,0,0,0,0,0,0,0,0,0,100,0,,,,,,,,,,,,,,,,,,,,,,,,,,,,
Karus,112,Karus master priest,6,skill points in category 6,112606,Grace,Grace,Increase a party member's HP by 60.,0,0,2701,0,701,4,6,1126,15,0,9,0,15,1,50,4,0,56,0,0,,,,,,,,,,,,,,,,,,,,,,,,112606,Grace,Grace,1,0,600,100,100,0,100,100,100,60,100,0,100,100,100,0,0,0,0,0,0,0,0,0,0,0,100,0,,,,,,,,,,,,,,,,,,,,,,,,,,,,
Karus,112,Karus master priest,6,skill points in category 6,112609,Resist all,Resist all,"Increase magic, curse, and poison resistance by 20",0,0,2701,0,701,2,9,1126,15,0,9,0,15,1,50,4,0,56,0,0,,,,,,,,,,,,,,,,,,,,,,,,112609,Resist all,Resist all,8,0,600,100,100,0,100,100,100,0,100,0,100,100,100,0,0,0,0,0,0,0,0,20,20,20,100,0,,,,,,,,,,,,,,,,,,,,,,,,,,,,
Karus,112,Karus master priest,6,skill points in category 6,112611,Wrath,Wrath,A fail-safe attack that inflicts 120% damage.,0,0,2601,0,10002,7,12,1126,30,0,0,0,0,1,100,1,0,0,0,0,112611,Wrath,A fail-safe attack that inflicts 120% damage.,1,100,150,0,100,0,1,0,0,,,,,,,,,,,,,,,,,,,,,,,,,,,,,,,,,,,,,,,,,,,,,,,,,,,,,,,,,,,,,,,,,,,,,,
Karus,112,Karus master priest,6,skill points in category 6,112612,Insensibility shell,Insensibility shell,Increase AC by 40,0,0,2701,0,701,2,12,1126,20,0,9,0,15,1,50,4,0,56,0,0,,,,,,,,,,,,,,,,,,,,,,,,112612,Insensibility shell,Insensibility shell,2,0,600,100,100,40,100,100,100,0,100,0,100,100,100,0,0,0,0,0,0,0,0,0,0,0,100,0,,,,,,,,,,,,,,,,,,,,,,,,,,,,
Karus,112,Karus master priest,6,skill points in category 6,112615,Brave,Brave,Increase a party member's HP by 240.,0,0,2701,0,701,4,15,1126,30,0,9,0,15,1,50,4,0,56,0,0,,,,,,,,,,,,,,,,,,,,,,,,112615,Brave,Brave,1,0,600,100,100,0,100,100,100,120,100,0,100,100,100,0,0,0,0,0,0,0,0,0,0,0,100,0,,,,,,,,,,,,,,,,,,,,,,,,,,,,
Karus,112,Karus master priest,6,skill points in category 6,112620,wield,wield,A fail-safe attack that inflicts 150% damage.,0,0,2601,0,10002,7,21,1126,40,0,0,0,0,2,100,1,0,0,0,0,112620,wield,A fail-safe attack that inflicts 150% damage.,1,100,200,0,100,0,1,0,0,,,,,,,,,,,,,,,,,,,,,,,,,,,,,,,,,,,,,,,,,,,,,,,,,,,,,,,,,,,,,,,,,,,,,,
Karus,112,Karus master priest,6,skill points in category 6,112621,Insensibility armor,Insensibility armor,Increase AC by 80,0,0,2701,0,701,2,21,1126,40,0,9,0,15,1,50,4,0,56,0,0,,,,,,,,,,,,,,,,,,,,,,,,112621,Insensibility armor,Insensibility armor,2,0,600,100,100,80,100,100,100,0,100,0,100,100,100,0,0,0,0,0,0,0,0,0,0,0,100,0,,,,,,,,,,,,,,,,,,,,,,,,,,,,
Karus,112,Karus master priest,6,skill points in category 6,112624,Strong,Strong,Increase a party member's HP by 360.,0,0,2701,0,701,4,24,1126,60,0,9,0,15,1,50,4,0,56,0,0,,,,,,,,,,,,,,,,,,,,,,,,112624,Strong,Strong,1,0,600,100,100,0,100,100,100,240,100,0,100,100,100,0,0,0,0,0,0,0,0,0,0,0,100,0,,,,,,,,,,,,,,,,,,,,,,,,,,,,
Karus,112,Karus master priest,6,skill points in category 6,112627,Bright mind,Bright mind,"Increase magic, curse, and poison resistance by 40",0,0,2701,0,701,2,27,1126,30,0,9,0,15,1,50,4,0,56,0,0,,,,,,,,,,,,,,,,,,,,,,,,112627,Bright mind,Bright mind,8,0,600,100,100,0,100,100,100,0,100,0,100,100,100,0,0,0,0,0,0,0,0,40,40,40,100,0,,,,,,,,,,,,,,,,,,,,,,,,,,,,
Karus,112,Karus master priest,6,skill points in category 6,112629,wildness,wildness,Increase strength by 30.,0,0,2701,0,701,1,30,1126,80,0,9,0,0,10,100,4,0,0,0,0,,,,,,,,,,,,,,,,,,,,,,,,112629,wildness,wildness,7,0,400,100,100,0,100,100,100,0,100,0,100,100,100,30,0,0,0,0,0,0,0,0,0,0,100,0,,,,,,,,,,,,,,,,,,,,,,,,,,,,
Karus,112,Karus master priest,6,skill points in category 6,112630,Insensibility shield,Insensibility shield,Increase AC by 120,0,0,2702,0,702,2,30,1126,80,0,9,0,15,1,50,4,0,56,0,0,,,,,,,,,,,,,,,,,,,,,,,,112630,Insensibility shield,Insensibility shield,2,0,600,100,100,120,100,100,100,0,100,0,100,100,100,0,0,0,0,0,0,0,0,0,0,0,100,0,,,,,,,,,,,,,,,,,,,,,,,,,,,,
Karus,112,Karus master priest,6,skill points in category 6,112633,Hardness,Hardness,Increase a party member's HP by 720.,0,0,2702,0,702,4,33,1126,120,0,9,0,15,1,50,4,0,56,0,0,,,,,,,,,,,,,,,,,,,,,,,,112633,Hardness,Hardness,1,0,600,100,100,0,100,100,100,480,100,0,100,100,100,0,0,0,0,0,0,0,0,0,0,0,100,0,,,,,,,,,,,,,,,,,,,,,,,,,,,,
Karus,112,Karus master priest,6,skill points in category 6,112636,Calm mind,Calm mind,"Increase magic, curse, and poison resistance by 60",0,0,2702,0,702,2,36,1126,45,0,9,0,15,1,50,4,0,56,0,0,,,,,,,,,,,,,,,,,,,,,,,,112636,Calm mind,Calm mind,8,0,600,100,100,0,100,100,100,0,100,0,100,100,100,0,0,0,0,0,0,0,0,60,60,60,100,0,,,,,,,,,,,,,,,,,,,,,,,,,,,,
Karus,112,Karus master priest,6,skill points in category 6,112639,Insensibility barrier,Insensibility barrier,Increase AC by 160,0,0,2702,0,702,2,39,1126,80,0,9,0,15,1,50,4,0,56,0,0,,,,,,,,,,,,,,,,,,,,,,,,112639,Insensibility barrier,Insensibility barrier,2,0,600,100,100,160,100,100,100,0,100,0,100,100,100,0,0,0,0,0,0,0,0,0,0,0,100,0,,,,,,,,,,,,,,,,,,,,,,,,,,,,
Karus,112,Karus master priest,6,skill points in category 6,112641,Harsh,Harsh,A fail-safe attack that inflicts 150% damage and an additional 100 damage.,0,0,2601,0,10002,7,42,1126,100,0,0,0,0,20,100,1,0,0,0,0,112641,Harsh,A fail-safe attack that inflicts 150% damage and an additional 100 damage.,1,100,200,100,100,0,1,0,0,,,,,,,,,,,,,,,,,,,,,,,,,,,,,,,,,,,,,,,,,,,,,,,,,,,,,,,,,,,,,,,,,,,,,,
Karus,112,Karus master priest,6,skill points in category 6,112642,Mightness,Mightness,Increase a party member's HP by 960.,0,0,2703,0,703,4,42,1126,240,0,9,0,15,1,50,4,0,56,0,0,,,,,,,,,,,,,,,,,,,,,,,,112642,Mightness,Mightness,1,0,600,100,100,0,100,100,100,960,100,0,100,100,100,0,0,0,0,0,0,0,0,0,0,0,100,0,,,,,,,,,,,,,,,,,,,,,,,,,,,,
Karus,112,Karus master priest,6,skill points in category 6,112645,Fresh mind,Fresh mind,"Increase magic, curse, and poison resistance by 80",0,0,2703,0,703,2,45,1126,60,0,9,0,15,1,50,4,0,56,0,0,,,,,,,,,,,,,,,,,,,,,,,,112645,Fresh mind,Fresh mind,8,0,600,100,100,0,100,100,100,0,100,0,100,100,100,0,0,0,0,0,0,0,0,80,80,80,100,0,,,,,,,,,,,,,,,,,,,,,,,,,,,,
Karus,112,Karus master priest,6,skill points in category 6,112650,collapse,collapse,A fail-safe attack that inflicts 200% damage and an additional 50 damage.,0,0,2601,0,10002,7,51,1126,120,0,0,0,0,30,100,1,0,0,0,0,112650,collapse,A fail-safe attack that inflicts 200% damage and an additional 50 damage.,1,100,350,50,100,0,1,0,0,,,,,,,,,,,,,,,,,,,,,,,,,,,,,,,,,,,,,,,,,,,,,,,,,,,,,,,,,,,,,,,,,,,,,,
Karus,112,Karus master priest,6,skill points in category 6,112651,Insensibility protector,Insensibility protector,Increase AC by 200,0,0,2703,0,703,2,51,1126,100,0,9,0,15,1,50,4,0,56,0,0,,,,,,,,,,,,,,,,,,,,,,,,112651,Insensibility protector,Insensibility protector,2,0,600,100,100,200,100,100,100,0,100,0,100,100,100,0,0,0,0,0,0,0,0,0,0,0,100,0,,,,,,,,,,,,,,,,,,,,,,,,,,,,
Karus,112,Karus master priest,6,skill points in category 6,112654,Undying,Undying,Increase the max HP limit of a party member by 60%,0,0,2703,0,703,4,54,1126,240,0,9,0,15,1,50,4,0,56,0,0,,,,,,,,,,,,,,,,,,,,,,,,112654,Undying,Undying,1,0,600,100,100,0,100,100,100,0,160,0,100,100,100,0,0,0,0,0,0,0,0,0,0,0,100,0,,,,,,,,,,,,,,,,,,,,,,,,,,,,
Karus,112,Karus master priest,6,skill points in category 6,112655,Heapness,Heapness,Increase the max HP limit of a party member by 1200,0,0,2703,0,703,4,54,1126,300,0,9,0,15,1,50,4,0,56,0,0,,,,,,,,,,,,,,,,,,,,,,,,112655,Heapness,Heapness,1,0,600,100,100,0,100,100,100,1200,100,0,100,100,100,0,0,0,0,0,0,0,0,0,0,0,100,0,,,,,,,,,,,,,,,,,,,,,,,,,,,,
Karus,112,Karus master priest,6,skill points in category 6,112656,Greatness,Greatness,Increase the max HP limit of all the party member by 1200,0,0,2703,0,703,6,57,1126,570,0,9,0,15,1,50,4,0,101,0,0,,,,,,,,,,,,,,,,,,,,,,,,112656,Greatness,Greatness,1,30,600,100,100,0,100,100,100,1200,100,0,100,100,100,0,0,0,0,0,0,0,0,0,0,0,100,0,,,,,,,,,,,,,,,,,,,,,,,,,,,,
Karus,112,Karus master priest,6,skill points in category 6,112657,massiveness,massiveness,Increase the max HP limit of a party member by 1500,0,0,2703,0,703,4,57,1126,360,0,9,0,15,1,50,4,0,56,0,0,,,,,,,,,,,,,,,,,,,,,,,,112657,massiveness,massiveness,1,0,600,100,100,0,100,100,100,1500,100,0,100,100,100,0,0,0,0,0,0,0,0,0,0,0,100,0,,,,,,,,,,,,,,,,,,,,,,,,,,,,
Karus,112,Karus master priest,6,skill points in category 6,112660,Insensibility peel,Insensibility peel,Increase the AC by 300,0,0,2703,0,703,2,60,1126,150,0,9,0,15,1,50,4,0,56,0,0,,,,,,,,,,,,,,,,,,,,,,,,112660,Insensibility peel,Insensibility peel,2,0,600,100,100,300,100,100,100,0,100,0,100,100,100,0,0,0,0,0,0,0,0,0,0,0,100,0,,,,,,,,,,,,,,,,,,,,,,,,,,,,
Karus,112,Karus master priest,6,skill points in category 6,112670,imposingness,imposingness,Increase the max HP limit of a party member by 2000,0,0,2703,0,703,4,70,1126,460,0,9,0,15,1,47,4,0,56,0,54,,,,,,,,,,,,,,,,,,,,,,,,112670,imposingness,imposingness,1,0,600,100,100,0,100,100,100,2000,100,0,100,100,100,0,0,0,0,0,0,0,0,0,0,0,100,0,,,,,,,,,,,,,,,,,,,,,,,,,,,,
Karus,112,Karus master priest,6,skill points in category 6,112671,Bless of God,Bless of God,Neutralizes resistance decreasing spells on all party members.,0,0,2701,0,702,6,70,1126,230,0,9,0,15,1,70,5,0,45,0,54,,,,,,,,,,,,,,,,,,,,,,,,,,,,,,,,,,,,,,,,,,,,,,,,,,,,,,,112671,Bless of God,Neutralizes resistance decreasing spells on all party members.,2,0,0,,,,,,,,,,,,,,,,,,,,,,
Karus,112,Karus master priest,6,skill points in category 6,112672,Massive Binder,Massive Binder,Increase the max HP limit of the party member by 2000,0,0,2703,0,703,6,72,1126,960,0,9,0,15,1,47,4,0,56,518,0,,,,,,,,,,,,,,,,,,,,,,,,112672,Massive Binder,Massive Binder,1,30,600,100,100,0,100,100,100,2000,100,0,100,100,100,0,0,0,0,0,0,0,0,0,0,0,100,0,,,,,,,,,,,,,,,,,,,,,,,,,,,,
Karus,112,Karus master priest,6,skill points in category 6,112673,Round Insensibility,Round Insensibility,Increase the defense of all party members by 300.,0,0,2703,0,703,6,74,1126,750,0,9,0,15,1,50,4,0,56,519,0,,,,,,,,,,,,,,,,,,,,,,,,112673,Round Insensibility,Round Insensibility,2,30,600,100,100,300,100,100,100,0,100,0,100,100,100,0,0,0,0,0,0,0,0,0,0,0,100,0,,,,,,,,,,,,,,,,,,,,,,,,,,,,
Karus,112,Karus master priest,6,skill points in category 6,112674,Insensibility Guard,Insensibility Guard,Increase the defense of a party member by 350.,0,0,2703,0,703,2,76,1126,300,0,9,0,15,1,50,4,0,56,521,0,,,,,,,,,,,,,,,,,,,,,,,,112674,Insensibility Guard,Insensibility Guard,2,0,600,100,100,350,100,100,100,0,100,0,100,100,100,0,0,0,0,0,0,0,0,0,0,0,100,0,,,,,,,,,,,,,,,,,,,,,,,,,,,,
Karus,112,Karus master priest,6,skill points in category 6,112675,Superioris,Superioris,Increase the max HP of a party member by 2500.,0,0,2703,0,703,4,78,1126,690,0,9,0,15,1,47,4,0,56,522,0,,,,,,,,,,,,,,,,,,,,,,,,112675,Superioris,Superioris,1,0,600,100,100,0,100,100,100,2500,100,0,100,100,100,0,0,0,0,0,0,0,0,0,0,0,100,0,,,,,,,,,,,,,,,,,,,,,,,,,,,,
Karus,112,Karus master priest,6,skill points in category 6,112676,Counter Curse,Counter Curse,Blocks all curses for 10 seconds.,0,0,2701,0,702,6,80,1126,1200,0,9,379062000,15,1,70,4,0,56,523,0,,,,,,,,,,,,,,,,,,,,,,,,112676,Counter Curse,Counter Curse,29,20,10,100,100,0,100,100,100,0,100,0,100,100,100,0,0,0,0,0,0,0,0,0,0,0,100,0,,,,,,,,,,,,,,,,,,,,,,,,,,,,
Karus,112,Karus master priest,7,skill points in category 7,112700,Gate,Gate,Teleport to your chosen resurrection spot,0,0,2401,0,401,1,0,1127,20,0,9,0,15,74,50,8,0,56,0,0,,,,,,,,,,,,,,,,,,,,,,,,,,,,,,,,,,,,,,,,,,,,,,,,,,,,,,,,,,,,,,,,,,,,,,,,,,,112700,Gate,Teleport to your chosen resurrection spot,1,10000,1,0,0
Karus,112,Karus master priest,7,skill points in category 7,112703,Malice,Malice,Decrease your enemy's defense ability by 25%,0,0,2702,0,801,7,3,1127,40,0,9,0,15,74,50,4,0,56,0,0,,,,,,,,,,,,,,,,,,,,,,,,112703,Malice,Malice,2,0,150,100,100,0,75,100,100,0,100,0,100,100,100,0,0,0,0,0,0,0,0,0,0,0,100,0,,,,,,,,,,,,,,,,,,,,,,,,,,,,
Karus,112,Karus master priest,7,skill points in category 7,112709,Clear mana,Clear mana,Decrease your enemy's Mana by 480.,0,0,3101,0,1101,7,9,1127,80,0,9,0,15,74,50,3,0,56,0,0,,,,,,,,,,,,,112709,Discountis,Discountis,2,-480,0,0,0,0,0,0,,,,,,,,,,,,,,,,,,,,,,,,,,,,,,,,,,,,,,,,,,,,,,,,,,,,,,,,,,,
Karus,112,Karus master priest,7,skill points in category 7,112712,tilt,tilt,A fail-safe attack that inflicts 120% damage.,0,0,2601,0,10002,7,12,1127,30,0,0,0,0,1,100,1,0,0,0,0,112712,tilt,A fail-safe attack that inflicts 120% damage.,1,100,150,0,100,0,1,0,0,,,,,,,,,,,,,,,,,,,,,,,,,,,,,,,,,,,,,,,,,,,,,,,,,,,,,,,,,,,,,,,,,,,,,,
Karus,112,Karus master priest,7,skill points in category 7,112715,Confusion,Confusion,Decrease your enemy's MP by 30.,0,0,2702,0,801,7,15,1127,80,0,9,0,15,74,50,4,0,56,0,0,,,,,,,,,,,,,,,,,,,,,,,,112715,Confusion,Confusion,7,0,150,100,100,0,100,100,100,0,100,0,100,100,100,0,0,0,0,-30,0,0,0,0,0,0,100,0,,,,,,,,,,,,,,,,,,,,,,,,,,,,
Karus,112,Karus master priest,7,skill points in category 7,112721,Bloody,Bloody,A fail-safe attack that inflicts 150% damage.,0,0,2601,0,10002,7,21,1127,40,0,0,0,0,2,100,1,0,0,0,0,112721,Bloody,A fail-safe attack that inflicts 150% damage.,1,100,300,0,100,0,1,0,0,,,,,,,,,,,,,,,,,,,,,,,,,,,,,,,,,,,,,,,,,,,,,,,,,,,,,,,,,,,,,,,,,,,,,,
Karus,112,Karus master priest,7,skill points in category 7,112724,Slow,Slow,Decrease your enemy's attack speed by 20%,0,0,2702,0,801,7,24,1127,120,0,9,0,15,74,50,4,0,56,0,0,,,,,,,,,,,,,,,,,,,,,,,,112724,Slow,Slow,5,0,150,70,100,0,100,100,100,0,100,0,100,100,100,0,0,0,0,0,0,0,0,0,0,0,100,0,,,,,,,,,,,,,,,,,,,,,,,,,,,,
Karus,112,Karus master priest,7,skill points in category 7,112727,Reverse life,Reverse life,Neutralizes enemy's HP bonus spells.,0,0,2702,0,801,7,27,1127,50,0,9,0,15,94,50,4,0,56,0,0,,,,,,,,,,,,,,,,,,,,,,,,112727,Reverse life,Reverse life,1,0,1,100,100,0,100,100,100,0,99,0,100,100,100,0,0,0,0,0,0,0,0,0,0,0,100,0,,,,,,,,,,,,,,,,,,,,,,,,,,,,
Karus,112,Karus master priest,7,skill points in category 7,112729,eruption,eruption,Increase strength by 30.,0,0,2701,0,701,1,30,1127,80,0,9,0,0,10,100,4,0,0,0,0,,,,,,,,,,,,,,,,,,,,,,,,112729,eruption,eruption,7,0,400,100,100,0,100,100,100,0,100,0,100,100,100,30,0,0,0,0,0,0,0,0,0,0,100,0,,,,,,,,,,,,,,,,,,,,,,,,,,,,
Karus,112,Karus master priest,7,skill points in category 7,112730,Sleep Wing,Sleep Wing,Puts a monster to sleep for 20 seconds,0,0,2702,0,801,7,30,1127,120,0,0,0,15,74,50,7,0,56,0,0,,,,,,,,,,,,,,,,,,,,,,,,,,,,,,,,,,,,,,,,,,,,,,,,,,,,,,,,,,,,,112730,Sleep Wing,Puts a monster to sleep for 20 seconds,0,0,0,2,0,0,100,20,0,100,0,,,,,,,,
Karus,112,Karus master priest,7,skill points in category 7,112733,Resurrection of love,Resurrection of love,Resurrect regaining 60% of the original experience lost,0,0,2602,0,702,25,33,1127,400,0,9,379006000,15,250,50,5,0,11,0,0,,,,,,,,,,,,,,,,,,,,,,,,,,,,,,,,,,,,,,,,,,,,,,,,,,,,,,,112733,Resurrection of love,Resurrect regaining 60% of the original experience lost,3,10,4,,,,,,,,,,,,,,,,,,,,,,
Karus,112,Karus master priest,7,skill points in category 7,112736,Sweep mana,Sweep mana,Decrease your enemy's Mana by 960,0,0,3101,0,1101,7,36,1127,160,0,9,0,15,74,50,3,0,56,0,0,,,,,,,,,,,,,112736,Drawbridge Destruction,Drawbridge Destruction,2,-960,0,0,0,0,0,0,,,,,,,,,,,,,,,,,,,,,,,,,,,,,,,,,,,,,,,,,,,,,,,,,,,,,,,,,,,
Karus,112,Karus master priest,7,skill points in category 7,112739,raving edge,raving edge,A fail-safe attack that inflicts 150% damage and an additional 100 damage.,0,0,2601,0,10002,7,39,1127,100,0,0,0,0,20,100,1,0,0,0,0,112739,raving edge,A fail-safe attack that inflicts 150% damage and an additional 100 damage.,1,100,250,100,100,0,1,0,0,,,,,,,,,,,,,,,,,,,,,,,,,,,,,,,,,,,,,,,,,,,,,,,,,,,,,,,,,,,,,,,,,,,,,,
Karus,112,Karus master priest,7,skill points in category 7,112742,Resurrection of grace,Resurrection of grace,Resurrect regaining 70% of the original experience lost,0,0,2602,0,702,25,42,1127,600,0,9,379006000,15,250,50,5,0,11,0,0,,,,,,,,,,,,,,,,,,,,,,,,,,,,,,,,,,,,,,,,,,,,,,,,,,,,,,,112742,Resurrection of grace,Resurrect regaining 70% of the original experience lost,3,10,10,,,,,,,,,,,,,,,,,,,,,,
Karus,112,Karus master priest,7,skill points in category 7,112745,Parasite,Parasite,Decrease your enemy's max HP by 20%,0,0,2702,0,801,7,45,1127,100,0,9,0,15,74,50,4,0,56,0,0,,,,,,,,,,,,,,,,,,,,,,,,112745,Parasite,Parasite,1,0,150,100,100,0,100,100,100,0,80,0,100,100,100,0,0,0,0,0,0,0,0,0,0,0,100,0,,,,,,,,,,,,,,,,,,,,,,,,,,,,
Karus,112,Karus master priest,7,skill points in category 7,112750,Hades,Hades,A fail-safe attack that inflicts 200% damage and an additional 50 damage.,0,0,2601,0,10002,7,51,1127,120,0,0,0,0,30,100,1,0,0,0,0,112750,Hades,A fail-safe attack that inflicts 200% damage and an additional 50 damage.,1,100,350,50,100,0,1,0,0,,,,,,,,,,,,,,,,,,,,,,,,,,,,,,,,,,,,,,,,,,,,,,,,,,,,,,,,,,,,,,,,,,,,,,
Karus,112,Karus master priest,7,skill points in category 7,112751,Sleep Carpet,Sleep Carpet,Puts all the monsters in an area to sleep for 20 seconds,0,0,2702,0,801,10,51,1127,240,0,0,0,15,94,50,7,0,56,0,0,,,,,,,,,,,,,,,,,,,,,,,,,,,,,,,,,,,,,,,,,,,,,,,,,,,,,,,,,,,,,112751,Sleep Carpet,Puts all the monsters in an area to sleep for 20 seconds,0,0,0,2,0,30,100,20,0,100,0,,,,,,,,
Karus,112,Karus master priest,7,skill points in category 7,112754,Resurrection of favors,Resurrection of favors,Resurrect regaining 80% of the original experience lost,0,0,2602,0,702,25,54,1127,800,0,9,379006000,15,250,50,5,0,11,0,0,,,,,,,,,,,,,,,,,,,,,,,,,,,,,,,,,,,,,,,,,,,,,,,,,,,,,,,112754,Resurrection of favors,Resurrect regaining 80% of the original experience lost,3,10,30,,,,,,,,,,,,,,,,,,,,,,
Karus,112,Karus master priest,7,skill points in category 7,112757,Torment,Torment,Decrease all enemy's defense by 30% in a certain area.,0,0,2702,0,801,10,57,1127,150,0,9,0,15,94,50,4,0,56,0,0,,,,,,,,,,,,,,,,,,,,,,,,112757,Torment,Torment,2,10,150,100,100,0,70,100,100,0,100,0,100,100,100,0,0,0,0,0,0,0,0,0,0,0,100,0,,,,,,,,,,,,,,,,,,,,,,,,,,,,
Karus,112,Karus master priest,7,skill points in category 7,112760,Massive,Massive,Decrease your enemy's attack power by 20%,0,0,2702,0,801,7,60,1127,180,0,9,0,15,104,50,4,0,56,0,0,,,,,,,,,,,,,,,,,,,,,,,,112760,Massive,Massive,4,0,150,100,100,0,100,80,100,0,100,0,100,100,100,0,0,0,0,0,0,0,0,0,0,0,100,0,,,,,,,,,,,,,,,,,,,,,,,,,,,,
Karus,112,Karus master priest,7,skill points in category 7,112770,Subside,Subside,Decrease an enemy's attack by 20% within a certain area.,0,0,2702,0,801,10,70,1127,260,0,9,0,15,154,50,4,0,45,0,54,,,,,,,,,,,,,,,,,,,,,,,,112770,Subside,Subside,4,20,150,100,100,0,100,80,100,0,100,0,100,100,100,0,0,0,0,0,0,0,0,0,0,0,100,0,,,,,,,,,,,,,,,,,,,,,,,,,,,,
Karus,112,Karus master priest,7,skill points in category 7,112771,Superior Parasite,Superior Parasite,Decrease an enemy's HP by 30%. Does not apply to unique monsters.,0,0,2702,0,801,7,75,1127,350,0,9,0,15,254,50,4,0,112,520,0,,,,,,,,,,,,,,,,,,,,,,,,112771,Superior Parasite,Superior Parasite,1,0,150,100,100,0,100,100,100,0,70,0,100,100,100,0,0,0,0,0,0,0,0,0,0,0,100,0,,,,,,,,,,,,,,,,,,,,,,,,,,,,
Karus,112,Karus master priest,7,skill points in category 7,112772,Discountis,Discountis,Decrease an enemy's Mana by 3840 in a certain area.,0,0,2702,0,801,10,80,1127,960,0,9,379062000,15,254,50,3,0,112,523,0,,,,,,,,,,,,,112772,Fire Armor,Fire Armor,2,-3840,15,0,0,0,15,0,,,,,,,,,,,,,,,,,,,,,,,,,,,,,,,,,,,,,,,,,,,,,,,,,,,,,,,,,,,
Karus,112,Karus master priest,8,skill points in category 8,112800,Daring,Daring,[Passive]Increase your defense by 20% when your HP is down to 30% or lower.,0,0,2702,0,10121,1,0,1128,0,0,9,0,0,0,100,0,0,0,0,0,,,,,,,,,,,,,,,,,,,,,,,,,,,,,,,,,,,,,,,,,,,,,,,,,,,,,,,,,,,,,,,,,,,,,,,,,,,,,,,,,,
Karus,112,Karus master priest,8,skill points in category 8,112802,Judgment,Judgment,A fail-safe attack that inflicts 200% damage and an additional 150 damage.,4,0,2601,0,10124,7,2,1128,200,0,0,379066000,0,5,100,1,0,0,0,0,112802,Judgment,A fail-safe attack that inflicts 200% damage and an additional 150 damage.,1,100,500,150,100,0,1,0,0,,,,,,,,,,,,,,,,,,,,,,,,,,,,,,,,,,,,,,,,,,,,,,,,,,,,,,,,,,,,,,,,,,,,,,
Karus,112,Karus master priest,8,skill points in category 8,112805,Absoluteness,Absoluteness,[Passive]Decreases all damages received by 10%,0,0,2702,0,0,1,5,1128,0,0,9,0,0,0,100,0,0,0,0,0,,,,,,,,,,,,,,,,,,,,,,,,,,,,,,,,,,,,,,,,,,,,,,,,,,,,,,,112805,Absoluteness,[Passive]Decreases all damages received by 10%,1,0,0,,,,,,,,,,,,,,,,,,,,,,
Karus,112,Karus master priest,8,skill points in category 8,112810,Matchless,Matchless,[Passive]Decreases all damages received by 15%,0,0,2702,0,0,1,10,1128,0,0,9,0,0,0,100,0,0,0,0,0,,,,,,,,,,,,,,,,,,,,,,,,,,,,,,,,,,,,,,,,,,,,,,,,,,,,,,,,,,,,,,,,,,,,,,,,,,,,,,,,,,
Karus,112,Karus master priest,8,skill points in category 8,112815,Helis,Helis,A fail-safe attack that inflicts 250% damage and an additional 400 damage that disregards defense.,4,0,2601,0,10124,7,12,1128,350,0,0,0,0,5,100,1,0,0,0,0,112815,Helis,A fail-safe attack that inflicts 250% damage and an additional 400 damage that disregards defense.,1,100,400,400,100,0,1,0,0,,,,,,,,,,,,,,,,,,,,,,,,,,,,,,,,,,,,,,,,,,,,,,,,,,,,,,,,,,,,,,,,,,,,,,
Karus,112,Karus master priest,8,skill points in category 8,112820,Curse Refraction,Curse Refraction,Blocks all curses for 10 seconds and has a chance to reflect the curse back onto the caster.,0,0,2701,0,702,1,15,1128,320,0,9,0,15,1,70,4,0,45,0,0,,,,,,,,,,,,,,,,,,,,,,,,112820,Curse Refraction,Curse Refraction,30,0,10,100,100,0,100,100,100,0,100,0,100,100,100,0,0,0,0,0,0,0,0,0,0,0,100,0,,,,,,,,,,,,,,,,,,,,,,,,,,,,
Karus,112,Karus master priest,8,skill points in category 8,112825,Elysian Web,Elysian Web,Increases magic resistance for 20 seconds to reduce any damage received from magic spells by 30%.,0,0,2703,0,703,11,20,1128,640,0,9,379062000,15,1,50,4,0,56,0,0,,,,,,,,,,,,,,,,,,,,,,,,112825,Elysian Web,Elysian Web,27,15,20,100,100,0,100,100,100,0,100,0,100,100,100,0,0,0,0,0,0,0,0,0,0,0,70,0,,,,,,,,,,,,,,,,,,,,,,,,,,,,
ElMorad,204,El Morad beginner priest,0,char level,204001,Tiny healing,Tiny healing,Heal 15 HP,0,0,2601,0,601,2,1,2040,5,0,9,0,19,1,80,3,0,56,0,0,,,,,,,,,,,,,204001,Light healing,Light healing,1,15,0,0,0,0,0,0,,,,,,,,,,,,,,,,,,,,,,,,,,,,,,,,,,,,,,,,,,,,,,,,,,,,,,,,,,,
ElMorad,204,El Morad beginner priest,0,char level,204002,Light strike,Light strike,Light magic attack,0,0,3101,0,1101,7,2,2040,5,0,9,0,15,54,50,3,0,56,0,0,,,,,,,,,,,,,204002,Brightness,Brightness,1,-29,0,0,0,4,0,0,,,,,,,,,,,,,,,,,,,,,,,,,,,,,,,,,,,,,,,,,,,,,,,,,,,,,,,,,,,
ElMorad,204,El Morad beginner priest,0,char level,204004,Strength,Strength,Increase Strength by 15,0,0,2601,0,601,2,4,2040,10,0,9,0,15,1,50,4,0,56,0,0,,,,,,,,,,,,,,,,,,,,,,,,204004,Strength,Strength,7,0,300,100,100,0,100,100,100,0,100,0,100,100,100,15,0,0,0,0,0,0,0,0,0,0,100,0,,,,,,,,,,,,,,,,,,,,,,,,,,,,
ElMorad,204,El Morad beginner priest,0,char level,204005,Light healing,Light healing,Heal 30 HP,0,0,2601,0,601,2,5,2040,10,0,9,0,19,1,80,3,0,56,0,0,,,,,,,,,,,,,204005,Tiny restore,Tiny restore,1,30,0,0,0,0,0,0,,,,,,,,,,,,,,,,,,,,,,,,,,,,,,,,,,,,,,,,,,,,,,,,,,,,,,,,,,,
ElMorad,204,El Morad beginner priest,0,char level,204006,Resist poison,Resist poison,Increase resistance to poison by 20,0,0,2701,0,701,2,6,2040,10,0,9,0,15,1,50,4,0,56,0,0,,,,,,,,,,,,,,,,,,,,,,,,204006,Resist poison,Resist poison,8,0,300,100,100,0,100,100,100,0,100,0,100,100,100,0,0,0,0,0,0,0,0,0,0,20,100,0,,,,,,,,,,,,,,,,,,,,,,,,,,,,
ElMorad,204,El Morad beginner priest,0,char level,204007,Brightness,Brightness,Light magic attack,0,0,3101,0,1101,7,7,2040,10,0,9,0,15,54,50,3,0,56,0,0,,,,,,,,,,,,,204007,Light Attack,Light Attack,1,-77,0,0,0,4,0,0,,,,,,,,,,,,,,,,,,,,,,,,,,,,,,,,,,,,,,,,,,,,,,,,,,,,,,,,,,,
ElMorad,204,El Morad beginner priest,0,char level,204008,Tiny restore,Tiny restore,Heal 50 HP over 20 seconds,0,0,2601,0,601,2,8,2040,15,0,9,0,19,1,80,3,0,56,0,0,,,,,,,,,,,,,204008,Light Counter,Light Counter,1,0,0,50,20,0,0,0,,,,,,,,,,,,,,,,,,,,,,,,,,,,,,,,,,,,,,,,,,,,,,,,,,,,,,,,,,,
ElMorad,204,El Morad beginner priest,9,cat 9 (special),204009,whipping,whipping,Whips the horse to temporarily increase the horse's movement speed.,0,0,2701,0,10029,1,1,2049,5,0,9,0,0,255,100,4,0,0,0,0,,,,,,,,,,,,,,,,,,,,,,,,204009,whipping,whipping,6,0,1200,100,200,0,100,100,100,0,100,0,100,100,100,0,0,0,0,0,0,0,0,0,0,0,100,0,,,,,,,,,,,,,,,,,,,,,,,,,,,,
ElMorad,204,El Morad beginner priest,0,char level,204010,Light Attack,Light Attack,A magic attack that uses light,0,0,3101,0,1101,7,18,2040,50,0,9,0,15,52,80,3,0,33,0,0,,,,,,,,,,,,,204010,Critical Light,Critical Light,2,-105,0,-10,10,4,0,0,,,,,,,,,,,,,,,,,,,,,,,,,,,,,,,,,,,,,,,,,,,,,,,,,,,,,,,,,,,
ElMorad,204,El Morad beginner priest,0,char level,204011,Light Counter,Light Counter,A magic attack that uses light,0,0,3101,0,1101,7,24,2040,100,0,9,0,15,54,80,3,0,33,0,0,,,,,,,,,,,,,204011,sacrifice,sacrifice,2,-260,0,-30,10,4,0,0,,,,,,,,,,,,,,,,,,,,,,,,,,,,,,,,,,,,,,,,,,,,,,,,,,,,,,,,,,,
ElMorad,204,El Morad beginner priest,0,char level,204012,Critical Light,Critical Light,A magic attack that uses light,0,0,3101,0,1101,7,33,2040,150,0,9,0,15,54,80,3,0,33,0,0,,,,,,,,,,,,,204012,pain killer,pain killer,2,-385,0,-50,10,4,0,0,,,,,,,,,,,,,,,,,,,,,,,,,,,,,,,,,,,,,,,,,,,,,,,,,,,,,,,,,,,
ElMorad,211,El Morad novice priest,0,char level,211001,Tiny healing,Tiny healing,Heal 15 HP,0,0,2601,0,601,2,1,2110,5,0,9,0,19,1,80,3,0,56,0,0,,,,,,,,,,,,,211001,Tiny restore,Tiny restore,1,15,0,0,0,0,0,0,,,,,,,,,,,,,,,,,,,,,,,,,,,,,,,,,,,,,,,,,,,,,,,,,,,,,,,,,,,
ElMorad,211,El Morad novice priest,0,char level,211002,Light strike,Light strike,Light magic attack,0,0,3101,0,1101,7,2,2110,5,0,9,0,15,54,50,3,0,56,0,0,,,,,,,,,,,,,211002,Light Attack,Light Attack,1,-29,0,0,0,4,0,0,,,,,,,,,,,,,,,,,,,,,,,,,,,,,,,,,,,,,,,,,,,,,,,,,,,,,,,,,,,
ElMorad,211,El Morad novice priest,0,char level,211004,Strength,Strength,Increase strength by 15,0,0,2601,0,601,2,4,2110,10,0,9,0,15,1,50,4,0,56,0,0,,,,,,,,,,,,,,,,,,,,,,,,211004,Strength,Strength,7,0,600,100,100,0,100,100,100,0,100,0,100,100,100,15,0,0,0,0,0,0,0,0,0,0,100,0,,,,,,,,,,,,,,,,,,,,,,,,,,,,
ElMorad,211,El Morad novice priest,0,char level,211005,Light healing,Light healing,Heal 30 HP,0,0,2601,0,601,2,5,2110,10,0,9,0,19,1,80,3,0,56,0,0,,,,,,,,,,,,,211005,Light Counter,Light Counter,1,30,0,0,0,0,0,0,,,,,,,,,,,,,,,,,,,,,,,,,,,,,,,,,,,,,,,,,,,,,,,,,,,,,,,,,,,
ElMorad,211,El Morad novice priest,0,char level,211006,Resist poison,Resist poison,Increase resistance to poison by 20,0,0,2701,0,701,2,6,2110,10,0,9,0,15,1,50,4,0,56,0,0,,,,,,,,,,,,,,,,,,,,,,,,211006,Resist poison,Resist poison,8,0,600,100,100,0,100,100,100,0,100,0,100,100,100,0,0,0,0,0,0,0,0,0,0,20,100,0,,,,,,,,,,,,,,,,,,,,,,,,,,,,
ElMorad,211,El Morad novice priest,0,char level,211007,Brightness,Brightness,Light magic attack,0,0,3101,0,1101,7,7,2110,10,0,9,0,15,54,50,3,0,56,0,0,,,,,,,,,,,,,211007,Critical Light,Critical Light,1,-77,0,0,0,4,0,0,,,,,,,,,,,,,,,,,,,,,,,,,,,,,,,,,,,,,,,,,,,,,,,,,,,,,,,,,,,
ElMorad,211,El Morad novice priest,0,char level,211008,Tiny restore,Tiny restore,Heal 50 HP over 20 seconds,0,0,2601,0,601,2,8,2110,15,0,9,0,15,1,80,3,0,56,0,0,,,,,,,,,,,,,211008,minor healing,minor healing,1,0,0,50,20,0,0,0,,,,,,,,,,,,,,,,,,,,,,,,,,,,,,,,,,,,,,,,,,,,,,,,,,,,,,,,,,,
ElMorad,211,El Morad novice priest,9,cat 9 (special),211009,whipping,whipping,Whips the horse to temporarily increase the horse's movement speed.,0,0,2701,0,10029,1,1,2119,5,0,9,0,0,255,100,4,0,0,0,0,,,,,,,,,,,,,,,,,,,,,,,,211009,whipping,whipping,6,0,1200,100,200,0,100,100,100,0,100,0,100,100,100,0,0,0,0,0,0,0,0,0,0,0,100,0,,,,,,,,,,,,,,,,,,,,,,,,,,,,
ElMorad,211,El Morad novice priest,0,char level,211010,Light Attack,Light Attack,A magic attack that uses light,0,0,3101,0,1101,7,18,2110,50,0,9,0,15,52,80,3,0,33,0,0,,,,,,,,,,,,,211010,Light restore,Light restore,2,-105,0,-10,10,4,0,0,,,,,,,,,,,,,,,,,,,,,,,,,,,,,,,,,,,,,,,,,,,,,,,,,,,,,,,,,,,
ElMorad,211,El Morad novice priest,0,char level,211011,Light Counter,Light Counter,A magic attack that uses light,0,0,3101,0,1101,7,24,2110,100,0,9,0,15,54,80,3,0,33,0,0,,,,,,,,,,,,,211011,healing,healing,2,-260,0,-30,10,4,0,0,,,,,,,,,,,,,,,,,,,,,,,,,,,,,,,,,,,,,,,,,,,,,,,,,,,,,,,,,,,
ElMorad,211,El Morad novice priest,0,char level,211012,Critical Light,Critical Light,A magic attack that uses light,0,0,3101,0,1101,7,33,2110,150,0,9,0,15,54,80,3,0,33,0,0,,,,,,,,,,,,,211012,Restore,Restore,2,-385,0,-50,10,4,0,0,,,,,,,,,,,,,,,,,,,,,,,,,,,,,,,,,,,,,,,,,,,,,,,,,,,,,,,,,,,
ElMorad,211,El Morad novice priest,5,skill points in category 5,211500,minor healing,minor healing,Heal 60 HP,0,0,2601,0,601,2,0,2115,10,0,9,0,15,1,80,3,0,56,0,0,,,,,,,,,,,,,211500,major healing,major healing,1,60,0,0,0,0,0,0,,,,,,,,,,,,,,,,,,,,,,,,,,,,,,,,,,,,,,,,,,,,,,,,,,,,,,,,,,,
ElMorad,211,El Morad novice priest,5,skill points in category 5,211503,Light restore,Light restore,Heal 100 HP over 20 seconds,0,0,2601,0,601,2,3,2115,25,0,9,0,15,1,80,3,0,56,0,0,,,,,,,,,,,,,211503,Major restore,Major restore,1,0,0,100,30,0,0,0,,,,,,,,,,,,,,,,,,,,,,,,,,,,,,,,,,,,,,,,,,,,,,,,,,,,,,,,,,,
ElMorad,211,El Morad novice priest,5,skill points in category 5,211509,healing,healing,Heal 240 HP,0,0,2601,0,601,2,9,2115,20,0,9,0,15,1,80,3,0,56,0,0,,,,,,,,,,,,,211509,Great healing,Great healing,1,120,0,0,0,0,0,0,,,,,,,,,,,,,,,,,,,,,,,,,,,,,,,,,,,,,,,,,,,,,,,,,,,,,,,,,,,
ElMorad,211,El Morad novice priest,5,skill points in category 5,211511,collision,collision,A fail-safe attack that inflicts 120% damage.,0,0,2601,0,10002,7,12,2115,30,0,0,0,0,1,100,1,0,0,0,0,211511,collision,A fail-safe attack that inflicts 120% damage.,1,100,200,0,100,0,1,0,0,,,,,,,,,,,,,,,,,,,,,,,,,,,,,,,,,,,,,,,,,,,,,,,,,,,,,,,,,,,,,,,,,,,,,,
ElMorad,211,El Morad novice priest,5,skill points in category 5,211512,Restore,Restore,Heal 400 HP over 20 seconds,0,0,2601,0,601,2,12,2115,30,0,9,0,15,1,80,3,0,56,0,0,,,,,,,,,,,,,211512,Great restore,Great restore,1,0,0,200,30,0,0,0,,,,,,,,,,,,,,,,,,,,,,,,,,,,,,,,,,,,,,,,,,,,,,,,,,,,,,,,,,,
ElMorad,211,El Morad novice priest,5,skill points in category 5,211518,major healing,major healing,Heal 360 HP,0,0,2601,0,601,2,18,2115,40,0,9,0,15,1,80,3,0,56,0,0,,,,,,,,,,,,,211518,Massive healing,Massive healing,1,240,0,0,0,0,0,0,,,,,,,,,,,,,,,,,,,,,,,,,,,,,,,,,,,,,,,,,,,,,,,,,,,,,,,,,,,
ElMorad,211,El Morad novice priest,5,skill points in category 5,211520,shuddering,shuddering,A fail-safe attack that inflicts 150% damage.,0,0,2601,0,10002,7,21,2115,40,0,0,0,0,2,100,1,0,0,0,0,211520,shuddering,A fail-safe attack that inflicts 150% damage.,1,100,250,0,100,0,1,0,0,,,,,,,,,,,,,,,,,,,,,,,,,,,,,,,,,,,,,,,,,,,,,,,,,,,,,,,,,,,,,,,,,,,,,,
ElMorad,211,El Morad novice priest,5,skill points in category 5,211521,Major restore,Major restore,Heal 600 HP over 20 seconds,0,0,2601,0,601,2,21,2115,100,0,9,0,15,1,80,3,0,56,0,0,,,,,,,,,,,,,211521,Massive restore,Massive restore,1,0,0,400,30,0,0,0,,,,,,,,,,,,,,,,,,,,,,,,,,,,,,,,,,,,,,,,,,,,,,,,,,,,,,,,,,,
ElMorad,211,El Morad novice priest,5,skill points in category 5,211525,Cure curse,Cure curse,Neutralizes any resistance decreasing spells.,0,0,2701,0,702,2,25,2115,60,0,9,0,15,15,100,5,0,56,0,0,,,,,,,,,,,,,,,,,,,,,,,,,,,,,,,,,,,,,,,,,,,,,,,,,,,,,,,211525,Cure curse,Neutralizes any resistance decreasing spells.,2,0,0,,,,,,,,,,,,,,,,,,,,,,
ElMorad,211,El Morad novice priest,5,skill points in category 5,211527,Great healing,Great healing,Heal 720 HP,0,0,2601,0,601,2,27,2115,80,0,9,0,15,20,80,3,0,56,0,0,,,,,,,,,,,,,211527,Superior healing,Superior healing,1,960,0,0,0,0,0,0,,,,,,,,,,,,,,,,,,,,,,,,,,,,,,,,,,,,,,,,,,,,,,,,,,,,,,,,,,,
ElMorad,211,El Morad novice priest,5,skill points in category 5,211529,blasting,blasting,Increase strength by 30.,0,0,2701,0,701,1,30,2115,80,0,9,0,0,10,100,4,0,0,0,0,,,,,,,,,,,,,,,,,,,,,,,,211529,blasting,blasting,7,0,400,100,100,0,100,100,100,0,100,0,100,100,100,30,0,0,0,0,0,0,0,0,0,0,100,0,,,,,,,,,,,,,,,,,,,,,,,,,,,,
ElMorad,211,El Morad novice priest,5,skill points in category 5,211530,Great restore,Great restore,Heal 800 HP over 20 seconds,0,0,2602,0,602,2,30,2115,200,0,9,0,15,1,80,3,0,56,0,0,,,,,,,,,,,,,211530,Superior restore,Superior restore,1,0,0,800,30,0,0,0,,,,,,,,,,,,,,,,,,,,,,,,,,,,,,,,,,,,,,,,,,,,,,,,,,,,,,,,,,,
ElMorad,211,El Morad novice priest,5,skill points in category 5,211535,Cure disease,Cure disease,Neutralizes spells that decrease your HP,0,0,2701,0,702,2,35,2115,120,0,9,0,15,15,100,5,0,56,0,0,,,,,,,,,,,,,,,,,,,,,,,,,,,,,,,,,,,,,,,,,,,,,,,,,,,,,,,211535,Cure disease,Neutralizes spells that decrease your HP,1,0,0,,,,,,,,,,,,,,,,,,,,,,
ElMorad,211,El Morad novice priest,5,skill points in category 5,211536,Massive healing,Massive healing,Heal 960 HP,0,0,2602,0,602,2,36,2115,160,0,9,0,15,1,80,3,0,56,0,0,,,,,,,,,,,,,211536,Complete healing,Complete healing,1,960,0,0,0,0,0,0,,,,,,,,,,,,,,,,,,,,,,,,,,,,,,,,,,,,,,,,,,,,,,,,,,,,,,,,,,,
ElMorad,211,El Morad novice priest,5,skill points in category 5,211539,Massive restore,Massive restore,Heal 1500 HP over 20 seconds,0,0,2602,0,602,2,39,2115,375,0,9,0,15,1,80,3,0,56,0,0,,,,,,,,,,,,,211539,Group massive healing,Group massive healing,1,0,0,1500,30,0,0,0,,,,,,,,,,,,,,,,,,,,,,,,,,,,,,,,,,,,,,,,,,,,,,,,,,,,,,,,,,,
ElMorad,211,El Morad novice priest,5,skill points in category 5,211542,ruin,ruin,A fail-safe attack that inflicts 150% damage and an additional 100 damage.,0,0,2601,0,10002,7,42,2115,100,0,0,0,0,20,100,1,0,0,0,0,211542,ruin,A fail-safe attack that inflicts 150% damage and an additional 100 damage.,1,100,300,100,100,0,1,0,0,,,,,,,,,,,,,,,,,,,,,,,,,,,,,,,,,,,,,,,,,,,,,,,,,,,,,,,,,,,,,,,,,,,,,,
ElMorad,211,El Morad novice priest,5,skill points in category 5,211545,Superior healing,Superior healing,Heal 1920 HP,0,0,2603,0,603,2,45,2115,320,0,9,0,15,1,80,3,0,56,0,0,,,,,,,,,,,,,211545,Group complete healing,Group complete healing,1,1920,0,0,0,0,0,0,,,,,,,,,,,,,,,,,,,,,,,,,,,,,,,,,,,,,,,,,,,,,,,,,,,,,,,,,,,
ElMorad,211,El Morad novice priest,5,skill points in category 5,211548,Superior restore,Superior restore,Heal 2500 HP over 20 seconds,0,0,2603,0,603,2,48,2115,625,0,9,0,15,1,80,3,0,56,0,0,,,,,,,,,,,,,211548,Clear mana,Clear mana,1,0,0,2500,30,0,0,0,,,,,,,,,,,,,,,,,,,,,,,,,,,,,,,,,,,,,,,,,,,,,,,,,,,,,,,,,,,
ElMorad,211,El Morad novice priest,5,skill points in category 5,211551,Hellish,Hellish,A fail-safe attack that inflicts 200% damage and an additional 50 damage.,0,0,2601,0,10002,7,51,2115,120,0,0,0,0,30,100,1,0,0,0,0,211551,Hellish,A fail-safe attack that inflicts 200% damage and an additional 50 damage.,1,100,350,50,100,0,1,0,0,,,,,,,,,,,,,,,,,,,,,,,,,,,,,,,,,,,,,,,,,,,,,,,,,,,,,,,,,,,,,,,,,,,,,,
ElMorad,211,El Morad novice priest,5,skill points in category 5,211554,Complete healing,Complete healing,Commpletely heal the HP of a friend,0,0,2603,0,603,2,54,2115,960,0,9,0,15,54,80,3,0,56,0,0,,,,,,,,,,,,,211554,Sweep mana,Sweep mana,1,10000,0,0,0,0,0,0,,,,,,,,,,,,,,,,,,,,,,,,,,,,,,,,,,,,,,,,,,,,,,,,,,,,,,,,,,,
ElMorad,211,El Morad novice priest,5,skill points in category 5,211557,Group massive healing,Group massive healing,Heal 960 HP of all the members of your party.,0,0,2603,0,603,6,57,2115,960,0,9,0,15,54,80,3,0,56,0,0,,,,,,,,,,,,,211557,Tiny healing,Tiny healing,1,960,0,0,0,0,30,0,,,,,,,,,,,,,,,,,,,,,,,,,,,,,,,,,,,,,,,,,,,,,,,,,,,,,,,,,,,
ElMorad,211,El Morad novice priest,5,skill points in category 5,211560,Group complete healing,Group complete healing,Completely heal all the members of your party,0,0,2603,0,603,6,60,2115,1920,0,9,0,15,64,80,3,0,56,0,0,,,,,,,,,,,,,211560,Light strike,Light strike,1,10000,0,0,0,0,30,0,,,,,,,,,,,,,,,,,,,,,,,,,,,,,,,,,,,,,,,,,,,,,,,,,,,,,,,,,,,
ElMorad,211,El Morad novice priest,6,skill points in category 6,211603,Insensibility Skin,Insensibility Skin,Increase AC by 20,0,0,2701,0,701,2,3,2116,10,0,9,0,15,1,50,4,0,56,0,0,,,,,,,,,,,,,,,,,,,,,,,,211603,Insensibility Skin,Insensibility Skin,2,0,600,100,100,20,100,100,100,0,100,0,100,100,100,0,0,0,0,0,0,0,0,0,0,0,100,0,,,,,,,,,,,,,,,,,,,,,,,,,,,,
ElMorad,211,El Morad novice priest,6,skill points in category 6,211606,Grace,Grace,Increase a party member's HP by 60.,0,0,2701,0,701,4,6,2116,15,0,9,0,15,1,50,4,0,56,0,0,,,,,,,,,,,,,,,,,,,,,,,,211606,Grace,Grace,1,0,600,100,100,0,100,100,100,60,100,0,100,100,100,0,0,0,0,0,0,0,0,0,0,0,100,0,,,,,,,,,,,,,,,,,,,,,,,,,,,,
ElMorad,211,El Morad novice priest,6,skill points in category 6,211609,Resist all,Resist all,"Increase magic, curse, and poison resistance by 20",0,0,2701,0,701,2,9,2116,15,0,9,0,15,1,50,4,0,56,0,0,,,,,,,,,,,,,,,,,,,,,,,,211609,Resist all,Resist all,8,0,600,100,100,0,100,100,100,0,100,0,100,100,100,0,0,0,0,0,0,0,0,20,20,20,100,0,,,,,,,,,,,,,,,,,,,,,,,,,,,,
ElMorad,211,El Morad novice priest,6,skill points in category 6,211611,Wrath,Wrath,A fail-safe attack that inflicts 120% damage.,0,0,2601,0,10002,7,12,2116,30,0,0,0,0,1,100,1,0,0,0,0,211611,Wrath,A fail-safe attack that inflicts 120% damage.,1,100,150,0,100,0,1,0,0,,,,,,,,,,,,,,,,,,,,,,,,,,,,,,,,,,,,,,,,,,,,,,,,,,,,,,,,,,,,,,,,,,,,,,
ElMorad,211,El Morad novice priest,6,skill points in category 6,211612,Insensibility shell,Insensibility shell,Increase AC by 40,0,0,2701,0,701,2,12,2116,20,0,9,0,15,1,50,4,0,56,0,0,,,,,,,,,,,,,,,,,,,,,,,,211612,Insensibility shell,Insensibility shell,2,0,600,100,100,40,100,100,100,0,100,0,100,100,100,0,0,0,0,0,0,0,0,0,0,0,100,0,,,,,,,,,,,,,,,,,,,,,,,,,,,,
ElMorad,211,El Morad novice priest,6,skill points in category 6,211615,Brave,Brave,Increase a party member's HP by 240.,0,0,2701,0,701,4,15,2116,30,0,9,0,15,1,50,4,0,56,0,0,,,,,,,,,,,,,,,,,,,,,,,,211615,Brave,Brave,1,0,600,100,100,0,100,100,100,120,100,0,100,100,100,0,0,0,0,0,0,0,0,0,0,0,100,0,,,,,,,,,,,,,,,,,,,,,,,,,,,,
ElMorad,211,El Morad novice priest,6,skill points in category 6,211620,wield,wield,A fail-safe attack that inflicts 150% damage.,0,0,2601,0,10002,7,21,2116,40,0,0,0,0,2,100,1,0,0,0,0,211620,wield,A fail-safe attack that inflicts 150% damage.,1,100,200,0,100,0,1,0,0,,,,,,,,,,,,,,,,,,,,,,,,,,,,,,,,,,,,,,,,,,,,,,,,,,,,,,,,,,,,,,,,,,,,,,
ElMorad,211,El Morad novice priest,6,skill points in category 6,211621,Insensibility armor,Insensibility armor,Increase AC by 80,0,0,2701,0,701,2,21,2116,40,0,9,0,15,1,50,4,0,56,0,0,,,,,,,,,,,,,,,,,,,,,,,,211621,Insensibility armor,Insensibility armor,2,0,600,100,100,80,100,100,100,0,100,0,100,100,100,0,0,0,0,0,0,0,0,0,0,0,100,0,,,,,,,,,,,,,,,,,,,,,,,,,,,,
ElMorad,211,El Morad novice priest,6,skill points in category 6,211624,Strong,Strong,Increase a party member's HP by 360.,0,0,2701,0,701,4,24,2116,60,0,9,0,15,1,50,4,0,56,0,0,,,,,,,,,,,,,,,,,,,,,,,,211624,Strong,Strong,1,0,600,100,100,0,100,100,100,240,100,0,100,100,100,0,0,0,0,0,0,0,0,0,0,0,100,0,,,,,,,,,,,,,,,,,,,,,,,,,,,,
ElMorad,211,El Morad novice priest,6,skill points in category 6,211627,Bright mind,Bright mind,"Increase magic, curse, and poison resistance by 40",0,0,2701,0,701,2,27,2116,30,0,9,0,15,1,50,4,0,56,0,0,,,,,,,,,,,,,,,,,,,,,,,,211627,Bright mind,Bright mind,8,0,600,100,100,0,100,100,100,0,100,0,100,100,100,0,0,0,0,0,0,0,0,40,40,40,100,0,,,,,,,,,,,,,,,,,,,,,,,,,,,,
ElMorad,211,El Morad novice priest,6,skill points in category 6,211629,wildness,wildness,Increase strength by 30.,0,0,2701,0,701,1,30,2116,80,0,9,0,0,10,100,4,0,0,0,0,,,,,,,,,,,,,,,,,,,,,,,,211629,wildness,wildness,7,0,400,100,100,0,100,100,100,0,100,0,100,100,100,30,0,0,0,0,0,0,0,0,0,0,100,0,,,,,,,,,,,,,,,,,,,,,,,,,,,,
ElMorad,211,El Morad novice priest,6,skill points in category 6,211630,Insensibility shield,Insensibility shield,Increase AC by 120,0,0,2702,0,702,2,30,2116,80,0,9,0,15,1,50,4,0,56,0,0,,,,,,,,,,,,,,,,,,,,,,,,211630,Insensibility shield,Insensibility shield,2,0,600,100,100,120,100,100,100,0,100,0,100,100,100,0,0,0,0,0,0,0,0,0,0,0,100,0,,,,,,,,,,,,,,,,,,,,,,,,,,,,
ElMorad,211,El Morad novice priest,6,skill points in category 6,211633,Hardness,Hardness,Increase a party member's HP by 720.,0,0,2702,0,702,4,33,2116,120,0,9,0,15,1,50,4,0,56,0,0,,,,,,,,,,,,,,,,,,,,,,,,211633,Hardness,Hardness,1,0,600,100,100,0,100,100,100,480,100,0,100,100,100,0,0,0,0,0,0,0,0,0,0,0,100,0,,,,,,,,,,,,,,,,,,,,,,,,,,,,
ElMorad,211,El Morad novice priest,6,skill points in category 6,211636,Calm mind,Calm mind,"Increase magic, curse, and poison resistance by 60",0,0,2702,0,702,2,36,2116,45,0,9,0,15,1,50,4,0,56,0,0,,,,,,,,,,,,,,,,,,,,,,,,211636,Calm mind,Calm mind,8,0,600,100,100,0,100,100,100,0,100,0,100,100,100,0,0,0,0,0,0,0,0,60,60,60,100,0,,,,,,,,,,,,,,,,,,,,,,,,,,,,
ElMorad,211,El Morad novice priest,6,skill points in category 6,211639,Insensibility barrier,Insensibility barrier,Increase AC by 160,0,0,2702,0,702,2,39,2116,80,0,9,0,15,1,50,4,0,56,0,0,,,,,,,,,,,,,,,,,,,,,,,,211639,Insensibility barrier,Insensibility barrier,2,0,600,100,100,160,100,100,100,0,100,0,100,100,100,0,0,0,0,0,0,0,0,0,0,0,100,0,,,,,,,,,,,,,,,,,,,,,,,,,,,,
ElMorad,211,El Morad novice priest,6,skill points in category 6,211641,Harsh,Harsh,A fail-safe attack that inflicts 150% damage and an additional 100 damage.,0,0,2601,0,10002,7,42,2116,100,0,0,0,0,20,100,1,0,0,0,0,211641,Harsh,A fail-safe attack that inflicts 150% damage and an additional 100 damage.,1,100,200,100,100,0,1,0,0,,,,,,,,,,,,,,,,,,,,,,,,,,,,,,,,,,,,,,,,,,,,,,,,,,,,,,,,,,,,,,,,,,,,,,
ElMorad,211,El Morad novice priest,6,skill points in category 6,211642,Mightness,Mightness,Increase a party member's HP by 960.,0,0,2703,0,703,4,42,2116,240,0,9,0,15,1,50,4,0,56,0,0,,,,,,,,,,,,,,,,,,,,,,,,211642,Mightness,Mightness,1,0,600,100,100,0,100,100,100,960,100,0,100,100,100,0,0,0,0,0,0,0,0,0,0,0,100,0,,,,,,,,,,,,,,,,,,,,,,,,,,,,
ElMorad,211,El Morad novice priest,6,skill points in category 6,211645,Fresh mind,Fresh mind,"Increase magic, curse, and poison resistance by 80",0,0,2703,0,703,2,45,2116,60,0,9,0,15,1,50,4,0,56,0,0,,,,,,,,,,,,,,,,,,,,,,,,211645,Fresh mind,Fresh mind,8,0,600,100,100,0,100,100,100,0,100,0,100,100,100,0,0,0,0,0,0,0,0,80,80,80,100,0,,,,,,,,,,,,,,,,,,,,,,,,,,,,
ElMorad,211,El Morad novice priest,6,skill points in category 6,211650,collapse,collapse,A fail-safe attack that inflicts 200% damage and an additional 50 damage.,0,0,2601,0,10002,7,51,2116,120,0,0,0,0,30,100,1,0,0,0,0,211650,collapse,A fail-safe attack that inflicts 200% damage and an additional 50 damage.,1,100,350,50,100,0,1,0,0,,,,,,,,,,,,,,,,,,,,,,,,,,,,,,,,,,,,,,,,,,,,,,,,,,,,,,,,,,,,,,,,,,,,,,
ElMorad,211,El Morad novice priest,6,skill points in category 6,211651,Insensibility protector,Insensibility protector,Increase AC by 200,0,0,2703,0,703,2,51,2116,100,0,9,0,15,1,50,4,0,56,0,0,,,,,,,,,,,,,,,,,,,,,,,,211651,Insensibility protector,Insensibility protector,2,0,600,100,100,200,100,100,100,0,100,0,100,100,100,0,0,0,0,0,0,0,0,0,0,0,100,0,,,,,,,,,,,,,,,,,,,,,,,,,,,,
ElMorad,211,El Morad novice priest,6,skill points in category 6,211654,Undying,Undying,Increase the max HP limit of a party member by 60%,0,0,2703,0,703,4,54,2116,240,0,9,0,15,1,50,4,0,56,0,0,,,,,,,,,,,,,,,,,,,,,,,,211654,Undying,Undying,1,0,600,100,100,0,100,100,100,0,160,0,100,100,100,0,0,0,0,0,0,0,0,0,0,0,100,0,,,,,,,,,,,,,,,,,,,,,,,,,,,,
ElMorad,211,El Morad novice priest,6,skill points in category 6,211655,Heapness,Heapness,Increase the max HP limit of a party member by 1200,0,0,2703,0,703,4,54,2116,300,0,9,0,15,1,50,4,0,56,0,0,,,,,,,,,,,,,,,,,,,,,,,,211655,Heapness,Heapness,1,0,600,100,100,0,100,100,100,1200,100,0,100,100,100,0,0,0,0,0,0,0,0,0,0,0,100,0,,,,,,,,,,,,,,,,,,,,,,,,,,,,
ElMorad,211,El Morad novice priest,6,skill points in category 6,211656,Greatness,Greatness,Increase the max HP limit of all the party member by 1200,0,0,2703,0,703,6,57,2116,570,0,9,0,15,1,50,4,0,101,0,0,,,,,,,,,,,,,,,,,,,,,,,,211656,Greatness,Greatness,1,30,600,100,100,0,100,100,100,1200,100,0,100,100,100,0,0,0,0,0,0,0,0,0,0,0,100,0,,,,,,,,,,,,,,,,,,,,,,,,,,,,
ElMorad,211,El Morad novice priest,6,skill points in category 6,211657,massiveness,massiveness,Increase the max HP limit of a party member by 1500,0,0,2703,0,703,4,57,2116,360,0,9,0,15,1,50,4,0,56,0,0,,,,,,,,,,,,,,,,,,,,,,,,211657,massiveness,massiveness,1,0,600,100,100,0,100,100,100,1500,100,0,100,100,100,0,0,0,0,0,0,0,0,0,0,0,100,0,,,,,,,,,,,,,,,,,,,,,,,,,,,,
ElMorad,211,El Morad novice priest,6,skill points in category 6,211660,Insensibility peel,Insensibility peel,Increase the AC by 300,0,0,2703,0,703,2,60,2116,150,0,9,0,15,1,50,4,0,56,0,0,,,,,,,,,,,,,,,,,,,,,,,,211660,Insensibility peel,Insensibility peel,2,0,600,100,100,300,100,100,100,0,100,0,100,100,100,0,0,0,0,0,0,0,0,0,0,0,100,0,,,,,,,,,,,,,,,,,,,,,,,,,,,,
ElMorad,211,El Morad novice priest,7,skill points in category 7,211700,Gate,Gate,Teleport to your chosen resurrection spot,0,0,2401,0,401,1,0,2117,20,0,9,0,15,74,50,8,0,56,0,0,,,,,,,,,,,,,,,,,,,,,,,,,,,,,,,,,,,,,,,,,,,,,,,,,,,,,,,,,,,,,,,,,,,,,,,,,,,211700,Gate,Teleport to your chosen resurrection spot,1,10000,1,0,0
ElMorad,211,El Morad novice priest,7,skill points in category 7,211703,Malice,Malice,Decrease your enemy's defense ability by 25%,0,0,2702,0,801,7,3,2117,40,0,9,0,15,74,50,4,0,101,0,0,,,,,,,,,,,,,,,,,,,,,,,,211703,Malice,Malice,2,0,150,100,100,0,75,100,100,0,100,0,100,100,100,0,0,0,0,0,0,0,0,0,0,0,100,0,,,,,,,,,,,,,,,,,,,,,,,,,,,,
ElMorad,211,El Morad novice priest,7,skill points in category 7,211709,Clear mana,Clear mana,Decrease your enemy's Mana by 480.,0,0,3101,0,1101,7,9,2117,80,0,9,0,15,74,50,3,0,56,0,0,,,,,,,,,,,,,211709,Light healing,Light healing,2,-480,0,0,0,0,0,0,,,,,,,,,,,,,,,,,,,,,,,,,,,,,,,,,,,,,,,,,,,,,,,,,,,,,,,,,,,
ElMorad,211,El Morad novice priest,7,skill points in category 7,211712,tilt,tilt,A fail-safe attack that inflicts 120% damage.,0,0,2601,0,10002,7,12,2117,30,0,0,0,0,1,100,1,0,0,0,0,211712,tilt,A fail-safe attack that inflicts 120% damage.,1,100,150,0,100,0,1,0,0,,,,,,,,,,,,,,,,,,,,,,,,,,,,,,,,,,,,,,,,,,,,,,,,,,,,,,,,,,,,,,,,,,,,,,
ElMorad,211,El Morad novice priest,7,skill points in category 7,211715,Confusion,Confusion,Decrease your enemy's MP by 30.,0,0,2702,0,801,7,15,2117,80,0,9,0,15,74,50,4,0,56,0,0,,,,,,,,,,,,,,,,,,,,,,,,211715,Confusion,Confusion,7,0,150,100,100,0,100,100,100,0,100,0,100,100,100,0,0,0,0,-30,0,0,0,0,0,0,100,0,,,,,,,,,,,,,,,,,,,,,,,,,,,,
ElMorad,211,El Morad novice priest,7,skill points in category 7,211721,Bloody,Bloody,A fail-safe attack that inflicts 150% damage.,0,0,2601,0,10002,7,21,2117,40,0,0,0,0,2,100,1,0,0,0,0,211721,Bloody,A fail-safe attack that inflicts 150% damage.,1,100,300,0,100,0,1,0,0,,,,,,,,,,,,,,,,,,,,,,,,,,,,,,,,,,,,,,,,,,,,,,,,,,,,,,,,,,,,,,,,,,,,,,
ElMorad,211,El Morad novice priest,7,skill points in category 7,211724,Slow,Slow,Decrease your enemy's attack speed by 20%,0,0,2702,0,801,7,24,2117,120,0,9,0,15,74,50,4,0,56,0,0,,,,,,,,,,,,,,,,,,,,,,,,211724,Slow,Slow,5,0,150,70,100,0,100,100,100,0,100,0,100,100,100,0,0,0,0,0,0,0,0,0,0,0,100,0,,,,,,,,,,,,,,,,,,,,,,,,,,,,
ElMorad,211,El Morad novice priest,7,skill points in category 7,211727,Reverse life,Reverse life,Neutralizes enemy's HP bonus spells.,0,0,2702,0,801,7,27,2117,50,0,9,0,15,94,50,4,0,56,0,0,,,,,,,,,,,,,,,,,,,,,,,,211727,Reverse life,Reverse life,1,0,1,100,100,0,100,100,100,0,99,0,100,100,100,0,0,0,0,0,0,0,0,0,0,0,100,0,,,,,,,,,,,,,,,,,,,,,,,,,,,,
ElMorad,211,El Morad novice priest,7,skill points in category 7,211729,Eruption,Eruption,Increase strength by 30.,0,0,2701,0,701,1,30,2117,80,0,9,0,0,10,100,4,0,0,0,0,,,,,,,,,,,,,,,,,,,,,,,,211729,Eruption,Eruption,7,0,400,100,100,0,100,100,100,0,100,0,100,100,100,30,0,0,0,0,0,0,0,0,0,0,100,0,,,,,,,,,,,,,,,,,,,,,,,,,,,,
ElMorad,211,El Morad novice priest,7,skill points in category 7,211730,Sleep Wing,Sleep Wing,Puts a monster to sleep for 20 seconds,0,0,2702,0,801,7,30,2117,120,0,9,0,15,74,50,7,0,56,0,0,,,,,,,,,,,,,,,,,,,,,,,,,,,,,,,,,,,,,,,,,,,,,,,,,,,,,,,,,,,,,211730,Sleep Wing,Puts a monster to sleep for 20 seconds,0,0,0,2,0,0,100,20,0,100,0,,,,,,,,
ElMorad,211,El Morad novice priest,7,skill points in category 7,211733,Resurrection of love,Resurrection of love,Resurrect regaining 60% of the original experience lost,0,0,2602,0,702,25,33,2117,400,0,9,379006000,15,250,50,5,0,11,0,0,,,,,,,,,,,,,,,,,,,,,,,,,,,,,,,,,,,,,,,,,,,,,,,,,,,,,,,211733,Resurrection of love,Resurrect regaining 60% of the original experience lost,3,60,4,,,,,,,,,,,,,,,,,,,,,,
ElMorad,211,El Morad novice priest,7,skill points in category 7,211736,Sweep mana,Sweep mana,Decrease your enemy's Mana by 960,0,0,3101,0,1101,7,36,2117,160,0,9,0,15,74,50,3,0,56,0,0,,,,,,,,,,,,,211736,Brightness,Brightness,2,-960,0,0,0,0,0,0,,,,,,,,,,,,,,,,,,,,,,,,,,,,,,,,,,,,,,,,,,,,,,,,,,,,,,,,,,,
ElMorad,211,El Morad novice priest,7,skill points in category 7,211739,raving edge,raving edge,A fail-safe attack that inflicts 150% damage and an additional 100 damage.,0,0,2601,0,10002,7,39,2117,100,0,0,0,0,20,100,1,0,0,0,0,211739,raving edge,A fail-safe attack that inflicts 150% damage and an additional 100 damage.,1,100,250,100,100,0,1,0,0,,,,,,,,,,,,,,,,,,,,,,,,,,,,,,,,,,,,,,,,,,,,,,,,,,,,,,,,,,,,,,,,,,,,,,
ElMorad,211,El Morad novice priest,7,skill points in category 7,211742,Resurrection of grace,Resurrection of grace,Resurrect regaining 70% of the original experience lost,0,0,2602,0,702,25,42,2117,600,0,9,379006000,15,250,50,5,0,11,0,0,,,,,,,,,,,,,,,,,,,,,,,,,,,,,,,,,,,,,,,,,,,,,,,,,,,,,,,211742,Resurrection of grace,Resurrect regaining 70% of the original experience lost,3,10,10,,,,,,,,,,,,,,,,,,,,,,
ElMorad,211,El Morad novice priest,7,skill points in category 7,211745,Parasite,Parasite,Decrease your enemy's max HP by 20%,0,0,2702,0,801,7,45,2117,100,0,9,0,15,74,50,4,0,101,0,0,,,,,,,,,,,,,,,,,,,,,,,,211745,Parasite,Parasite,1,0,150,100,100,0,100,100,100,0,80,0,100,100,100,0,0,0,0,0,0,0,0,0,0,0,100,0,,,,,,,,,,,,,,,,,,,,,,,,,,,,
ElMorad,211,El Morad novice priest,7,skill points in category 7,211750,Hades,Hades,A fail-safe attack that inflicts 200% damage and an additional 50 damage.,0,0,2601,0,10002,7,51,2117,120,0,0,0,0,30,100,1,0,0,0,0,211750,Hades,A fail-safe attack that inflicts 200% damage and an additional 50 damage.,1,100,350,50,100,0,1,0,0,,,,,,,,,,,,,,,,,,,,,,,,,,,,,,,,,,,,,,,,,,,,,,,,,,,,,,,,,,,,,,,,,,,,,,
ElMorad,211,El Morad novice priest,7,skill points in category 7,211751,sleep Carpet,sleep Carpet,Puts all the monsters in an area to sleep for 20 seconds,0,0,2702,0,801,10,51,2117,240,0,9,0,15,94,50,7,0,56,0,0,,,,,,,,,,,,,,,,,,,,,,,,,,,,,,,,,,,,,,,,,,,,,,,,,,,,,,,,,,,,,211751,sleep Carpet,Puts all the monsters in an area to sleep for 20 seconds,0,0,0,2,0,30,100,20,0,100,0,,,,,,,,
ElMorad,211,El Morad novice priest,7,skill points in category 7,211754,Resurrection of favors,Resurrection of favors,Resurrect regaining 80% of the original experience lost,0,0,2602,0,702,25,54,2117,800,0,9,379006000,15,250,50,5,0,11,0,0,,,,,,,,,,,,,,,,,,,,,,,,,,,,,,,,,,,,,,,,,,,,,,,,,,,,,,,211754,Resurrection of favors,Resurrect regaining 80% of the original experience lost,3,10,30,,,,,,,,,,,,,,,,,,,,,,
ElMorad,211,El Morad novice priest,7,skill points in category 7,211757,Torment,Torment,Decrease all enemy's defense by 30% in a certain area.,0,0,2702,0,801,10,57,2117,150,0,9,0,15,94,50,4,0,56,0,0,,,,,,,,,,,,,,,,,,,,,,,,211757,Torment,Torment,2,10,150,100,100,0,70,100,100,0,100,0,100,100,100,0,0,0,0,0,0,0,0,0,0,0,100,0,,,,,,,,,,,,,,,,,,,,,,,,,,,,
ElMorad,211,El Morad novice priest,7,skill points in category 7,211760,Massive,Massive,Decrease your enemy's attack power by 20%,0,0,2702,0,801,7,60,2117,180,0,9,0,15,104,50,4,0,101,0,0,,,,,,,,,,,,,,,,,,,,,,,,211760,Massive,Massive,4,0,150,100,100,0,100,80,100,0,100,0,100,100,100,0,0,0,0,0,0,0,0,0,0,0,100,0,,,,,,,,,,,,,,,,,,,,,,,,,,,,
ElMorad,212,El Morad master priest,0,char level,212001,Tiny healing,Tiny healing,Heal 15 HP,0,0,2601,0,601,2,1,2120,5,0,9,0,19,1,80,3,0,56,0,0,,,,,,,,,,,,,212001,Tiny restore,Tiny restore,1,15,0,0,0,0,0,0,,,,,,,,,,,,,,,,,,,,,,,,,,,,,,,,,,,,,,,,,,,,,,,,,,,,,,,,,,,
ElMorad,212,El Morad master priest,0,char level,212002,Light strike,Light strike,Light magic attack,0,0,3101,0,1101,7,2,2120,5,0,9,0,15,54,50,3,0,56,0,0,,,,,,,,,,,,,212002,Light Attack,Light Attack,1,-29,0,0,0,4,0,0,,,,,,,,,,,,,,,,,,,,,,,,,,,,,,,,,,,,,,,,,,,,,,,,,,,,,,,,,,,
ElMorad,212,El Morad master priest,0,char level,212004,Strength,Strength,Increase strength by 15,0,0,2601,0,601,2,4,2120,10,0,9,0,15,1,50,4,0,56,0,0,,,,,,,,,,,,,,,,,,,,,,,,212004,Strength,Strength,7,0,600,100,100,0,100,100,100,0,100,0,100,100,100,15,0,0,0,0,0,0,0,0,0,0,100,0,,,,,,,,,,,,,,,,,,,,,,,,,,,,
ElMorad,212,El Morad master priest,0,char level,212005,Light healing,Light healing,Heal 30 HP,0,0,2601,0,601,2,5,2120,10,0,9,0,19,1,80,3,0,56,0,0,,,,,,,,,,,,,212005,Light Counter,Light Counter,1,30,0,0,0,0,0,0,,,,,,,,,,,,,,,,,,,,,,,,,,,,,,,,,,,,,,,,,,,,,,,,,,,,,,,,,,,
ElMorad,212,El Morad master priest,0,char level,212006,Resist poison,Resist poison,Increase resistance to poison by 20,0,0,2701,0,701,2,6,2120,10,0,9,0,15,1,50,4,0,56,0,0,,,,,,,,,,,,,,,,,,,,,,,,212006,Resist poison,Resist poison,8,0,600,100,100,0,100,100,100,0,100,0,100,100,100,0,0,0,0,0,0,0,0,0,0,20,100,0,,,,,,,,,,,,,,,,,,,,,,,,,,,,
ElMorad,212,El Morad master priest,0,char level,212007,Brightness,Brightness,Light magic attack,0,0,3101,0,1101,7,7,2120,10,0,9,0,15,54,50,3,0,56,0,0,,,,,,,,,,,,,212007,Critical Light,Critical Light,1,-77,0,0,0,4,0,0,,,,,,,,,,,,,,,,,,,,,,,,,,,,,,,,,,,,,,,,,,,,,,,,,,,,,,,,,,,
ElMorad,212,El Morad master priest,0,char level,212008,Tiny restore,Tiny restore,Heal 50 HP over 20 seconds,0,0,2601,0,601,2,8,2120,15,0,9,0,15,1,80,3,0,56,0,0,,,,,,,,,,,,,212008,minor healing,minor healing,1,0,0,50,20,0,0,0,,,,,,,,,,,,,,,,,,,,,,,,,,,,,,,,,,,,,,,,,,,,,,,,,,,,,,,,,,,
ElMorad,212,El Morad master priest,9,cat 9 (special),212009,whipping,whipping,Whips the horse to temporarily increase the horse's movement speed.,0,0,2701,0,10029,1,1,2129,5,0,9,0,0,255,100,4,0,0,0,0,,,,,,,,,,,,,,,,,,,,,,,,212009,whipping,whipping,6,0,1200,100,200,0,100,100,100,0,100,0,100,100,100,0,0,0,0,0,0,0,0,0,0,0,100,0,,,,,,,,,,,,,,,,,,,,,,,,,,,,
ElMorad,212,El Morad master priest,0,char level,212010,Light Attack,Light Attack,A magic attack that uses light,0,0,3101,0,1101,7,18,2120,50,0,9,0,15,25,80,3,0,33,0,0,,,,,,,,,,,,,212010,Light restore,Light restore,2,-105,0,-10,10,4,0,0,,,,,,,,,,,,,,,,,,,,,,,,,,,,,,,,,,,,,,,,,,,,,,,,,,,,,,,,,,,
ElMorad,212,El Morad master priest,0,char level,212011,Light Counter,Light Counter,A magic attack that uses light,0,0,3101,0,1101,7,24,2120,100,0,9,0,15,31,80,3,0,33,0,0,,,,,,,,,,,,,212011,healing,healing,2,-260,0,-30,10,4,0,0,,,,,,,,,,,,,,,,,,,,,,,,,,,,,,,,,,,,,,,,,,,,,,,,,,,,,,,,,,,
ElMorad,212,El Morad master priest,0,char level,212012,Critical Light,Critical Light,A magic attack that uses light,0,0,3101,0,1101,7,33,2120,150,0,9,0,15,37,80,3,0,33,0,0,,,,,,,,,,,,,212012,Restore,Restore,2,-385,0,-50,10,4,0,0,,,,,,,,,,,,,,,,,,,,,,,,,,,,,,,,,,,,,,,,,,,,,,,,,,,,,,,,,,,
ElMorad,212,El Morad master priest,5,skill points in category 5,212500,minor healing,minor healing,Heal 60 HP,0,0,2601,0,601,2,0,2125,10,0,9,0,15,1,80,3,0,56,0,0,,,,,,,,,,,,,212500,major healing,major healing,1,60,0,0,0,0,0,0,,,,,,,,,,,,,,,,,,,,,,,,,,,,,,,,,,,,,,,,,,,,,,,,,,,,,,,,,,,
ElMorad,212,El Morad master priest,5,skill points in category 5,212503,Light restore,Light restore,Heal 100 HP over 20 seconds,0,0,2601,0,601,2,3,2125,25,0,9,0,15,1,80,3,0,56,0,0,,,,,,,,,,,,,212503,Major restore,Major restore,1,0,0,100,30,0,0,0,,,,,,,,,,,,,,,,,,,,,,,,,,,,,,,,,,,,,,,,,,,,,,,,,,,,,,,,,,,
ElMorad,212,El Morad master priest,5,skill points in category 5,212509,healing,healing,Heal 240 HP,0,0,2601,0,601,2,9,2125,20,0,9,0,15,1,80,3,0,56,0,0,,,,,,,,,,,,,212509,Great healing,Great healing,1,120,0,0,0,0,0,0,,,,,,,,,,,,,,,,,,,,,,,,,,,,,,,,,,,,,,,,,,,,,,,,,,,,,,,,,,,
ElMorad,212,El Morad master priest,5,skill points in category 5,212511,collision,collision,A fail-safe attack that inflicts 120% damage.,0,0,2601,0,10002,7,12,2125,30,0,0,0,0,1,100,1,0,0,0,0,212511,collision,A fail-safe attack that inflicts 120% damage.,1,100,200,0,100,0,1,0,0,,,,,,,,,,,,,,,,,,,,,,,,,,,,,,,,,,,,,,,,,,,,,,,,,,,,,,,,,,,,,,,,,,,,,,
ElMorad,212,El Morad master priest,5,skill points in category 5,212512,Restore,Restore,Heal 400 HP over 20 seconds,0,0,2601,0,601,2,12,2125,30,0,9,0,15,1,80,3,0,56,0,0,,,,,,,,,,,,,212512,Great restore,Great restore,1,0,0,200,30,0,0,0,,,,,,,,,,,,,,,,,,,,,,,,,,,,,,,,,,,,,,,,,,,,,,,,,,,,,,,,,,,
ElMorad,212,El Morad master priest,5,skill points in category 5,212518,major healing,major healing,Heal 360 HP,0,0,2601,0,601,2,18,2125,40,0,9,0,15,1,80,3,0,56,0,0,,,,,,,,,,,,,212518,Massive healing,Massive healing,1,240,0,0,0,0,0,0,,,,,,,,,,,,,,,,,,,,,,,,,,,,,,,,,,,,,,,,,,,,,,,,,,,,,,,,,,,
ElMorad,212,El Morad master priest,5,skill points in category 5,212520,shuddering,shuddering,A fail-safe attack that inflicts 150% damage.,0,0,2601,0,10002,7,21,2125,40,0,0,0,0,2,100,1,0,0,0,0,212520,shuddering,A fail-safe attack that inflicts 150% damage.,1,100,250,0,100,0,1,0,0,,,,,,,,,,,,,,,,,,,,,,,,,,,,,,,,,,,,,,,,,,,,,,,,,,,,,,,,,,,,,,,,,,,,,,
ElMorad,212,El Morad master priest,5,skill points in category 5,212521,Major restore,Major restore,Heal 600 HP over 20 seconds,0,0,2601,0,601,2,21,2125,100,0,9,0,15,1,80,3,0,56,0,0,,,,,,,,,,,,,212521,Massive restore,Massive restore,1,0,0,400,30,0,0,0,,,,,,,,,,,,,,,,,,,,,,,,,,,,,,,,,,,,,,,,,,,,,,,,,,,,,,,,,,,
ElMorad,212,El Morad master priest,5,skill points in category 5,212525,Cure curse,Cure curse,Neutralizes any resistance decreasing spells.,0,0,2701,0,702,2,25,2125,60,0,9,0,15,15,100,5,0,56,0,0,,,,,,,,,,,,,,,,,,,,,,,,,,,,,,,,,,,,,,,,,,,,,,,,,,,,,,,212525,Cure curse,Neutralizes any resistance decreasing spells.,2,0,0,,,,,,,,,,,,,,,,,,,,,,
ElMorad,212,El Morad master priest,5,skill points in category 5,212527,Great healing,Great healing,Heal 720 HP,0,0,2601,0,601,2,27,2125,80,0,9,0,15,20,80,3,0,56,0,0,,,,,,,,,,,,,212527,Superior healing,Superior healing,1,960,0,0,0,0,0,0,,,,,,,,,,,,,,,,,,,,,,,,,,,,,,,,,,,,,,,,,,,,,,,,,,,,,,,,,,,
ElMorad,212,El Morad master priest,5,skill points in category 5,212529,blasting,blasting,Increase strength by 30.,0,0,2701,0,701,1,30,2125,80,0,9,0,0,10,100,4,0,0,0,0,,,,,,,,,,,,,,,,,,,,,,,,212529,blasting,blasting,7,0,400,100,100,0,100,100,100,0,100,0,100,100,100,30,0,0,0,0,0,0,0,0,0,0,100,0,,,,,,,,,,,,,,,,,,,,,,,,,,,,
ElMorad,212,El Morad master priest,5,skill points in category 5,212530,Great restore,Great restore,Heal 800 HP over 20 seconds,0,0,2602,0,602,2,30,2125,200,0,9,0,15,1,80,3,0,56,0,0,,,,,,,,,,,,,212530,Superior restore,Superior restore,1,0,0,800,30,0,0,0,,,,,,,,,,,,,,,,,,,,,,,,,,,,,,,,,,,,,,,,,,,,,,,,,,,,,,,,,,,
ElMorad,212,El Morad master priest,5,skill points in category 5,212535,Cure disease,Cure disease,Neutralizes spells that decrease your HP,0,0,2701,0,702,2,35,2125,120,0,9,0,15,15,100,5,0,56,0,0,,,,,,,,,,,,,,,,,,,,,,,,,,,,,,,,,,,,,,,,,,,,,,,,,,,,,,,212535,Cure disease,Neutralizes spells that decrease your HP,1,0,0,,,,,,,,,,,,,,,,,,,,,,
ElMorad,212,El Morad master priest,5,skill points in category 5,212536,Massive healing,Massive healing,Heal 960 HP,0,0,2602,0,602,2,36,2125,160,0,9,0,15,1,80,3,0,56,0,0,,,,,,,,,,,,,212536,Complete healing,Complete healing,1,960,0,0,0,0,0,0,,,,,,,,,,,,,,,,,,,,,,,,,,,,,,,,,,,,,,,,,,,,,,,,,,,,,,,,,,,
ElMorad,212,El Morad master priest,5,skill points in category 5,212539,Massive restore,Massive restore,Heal 1500 HP over 20 seconds,0,0,2602,0,602,2,39,2125,375,0,9,0,15,1,80,3,0,56,0,0,,,,,,,,,,,,,212539,Group massive healing,Group massive healing,1,0,0,1500,30,0,0,0,,,,,,,,,,,,,,,,,,,,,,,,,,,,,,,,,,,,,,,,,,,,,,,,,,,,,,,,,,,
ElMorad,212,El Morad master priest,5,skill points in category 5,212542,ruin,ruin,A fail-safe attack that inflicts 150% damage and an additional 100 damage.,0,0,2601,0,10002,7,42,2125,100,0,0,0,0,20,100,1,0,0,0,0,212542,ruin,A fail-safe attack that inflicts 150% damage and an additional 100 damage.,1,100,300,100,100,0,1,0,0,,,,,,,,,,,,,,,,,,,,,,,,,,,,,,,,,,,,,,,,,,,,,,,,,,,,,,,,,,,,,,,,,,,,,,
ElMorad,212,El Morad master priest,5,skill points in category 5,212545,Superior healing,Superior healing,Heal 1920 HP,0,0,2603,0,603,2,45,2125,320,0,9,0,15,1,80,3,0,56,0,0,,,,,,,,,,,,,212545,Group complete healing,Group complete healing,1,1920,0,0,0,0,0,0,,,,,,,,,,,,,,,,,,,,,,,,,,,,,,,,,,,,,,,,,,,,,,,,,,,,,,,,,,,
ElMorad,212,El Morad master priest,5,skill points in category 5,212548,Superior restore,Superior restore,Heal 2500 HP over 20 seconds,0,0,2603,0,603,2,48,2125,625,0,9,0,15,1,80,3,0,56,0,0,,,,,,,,,,,,,212548,critical restore,critical restore,1,0,0,2500,30,0,0,0,,,,,,,,,,,,,,,,,,,,,,,,,,,,,,,,,,,,,,,,,,,,,,,,,,,,,,,,,,,
ElMorad,212,El Morad master priest,5,skill points in category 5,212551,Hellish,Hellish,A fail-safe attack that inflicts 200% damage and an additional 50 damage.,0,0,2601,0,10002,7,51,2125,120,0,0,0,0,30,100,1,0,0,0,0,212551,Hellish,A fail-safe attack that inflicts 200% damage and an additional 50 damage.,1,100,350,50,100,0,1,0,0,,,,,,,,,,,,,,,,,,,,,,,,,,,,,,,,,,,,,,,,,,,,,,,,,,,,,,,,,,,,,,,,,,,,,,
ElMorad,212,El Morad master priest,5,skill points in category 5,212554,Complete healing,Complete healing,Commpletely heal the HP of a friend,0,0,2603,0,603,2,54,2125,960,0,9,0,15,54,80,3,0,56,0,0,,,,,,,,,,,,,212554,Past Recovery,Past Recovery,1,10000,0,0,0,0,0,0,,,,,,,,,,,,,,,,,,,,,,,,,,,,,,,,,,,,,,,,,,,,,,,,,,,,,,,,,,,
ElMorad,212,El Morad master priest,5,skill points in category 5,212557,Group massive healing,Group massive healing,Heal 960 HP of all the members of your party.,0,0,2603,0,603,6,57,2125,960,0,9,0,15,54,80,3,0,56,0,0,,,,,,,,,,,,,212557,Past Restore,Past Restore,1,960,0,0,0,0,30,0,,,,,,,,,,,,,,,,,,,,,,,,,,,,,,,,,,,,,,,,,,,,,,,,,,,,,,,,,,,
ElMorad,212,El Morad master priest,5,skill points in category 5,212560,Group complete healing,Group complete healing,Completely heal all the members of your party,0,0,2603,0,603,6,60,2125,1920,0,9,0,15,64,80,3,0,56,0,0,,,,,,,,,,,,,212560,Clear mana,Clear mana,1,10000,0,0,0,0,30,0,,,,,,,,,,,,,,,,,,,,,,,,,,,,,,,,,,,,,,,,,,,,,,,,,,,,,,,,,,,
ElMorad,212,El Morad master priest,5,skill points in category 5,212570,critical restore,critical restore,Heals 3000HP over 20 seconds for party members in a certain area.,0,0,2603,0,603,6,70,2125,1000,0,9,0,15,1,70,3,0,56,0,54,,,,,,,,,,,,,212570,Sweep mana,Sweep mana,1,0,0,3000,20,0,20,0,,,,,,,,,,,,,,,,,,,,,,,,,,,,,,,,,,,,,,,,,,,,,,,,,,,,,,,,,,,
ElMorad,212,El Morad master priest,5,skill points in category 5,212575,Past Recovery,Past Recovery,Heals a friend for 2500 HP and heals for an additional 3000 HP over 20 seconds.,0,0,2603,0,603,6,75,2125,1200,0,9,0,15,1,70,3,0,67,520,0,,,,,,,,,,,,,212575,Discountis,Discountis,1,2500,30,3000,20,0,30,0,,,,,,,,,,,,,,,,,,,,,,,,,,,,,,,,,,,,,,,,,,,,,,,,,,,,,,,,,,,
ElMorad,212,El Morad master priest,5,skill points in category 5,212580,Past Restore,Past Restore,Heals 6000 HP over 20 seconds for all party members in a certain area.,0,0,2603,0,603,6,80,2125,1400,0,9,0,15,255,70,3,0,67,523,0,,,,,,,,,,,,,212580,Drawbridge Destruction,Drawbridge Destruction,1,0,30,6000,20,0,30,0,,,,,,,,,,,,,,,,,,,,,,,,,,,,,,,,,,,,,,,,,,,,,,,,,,,,,,,,,,,
ElMorad,212,El Morad master priest,6,skill points in category 6,212603,Insensibility Skin,Insensibility Skin,Increase AC by 20,0,0,2701,0,701,2,3,2126,10,0,9,0,15,1,50,4,0,56,0,0,,,,,,,,,,,,,,,,,,,,,,,,212603,Insensibility Skin,Insensibility Skin,2,0,600,100,100,20,100,100,100,0,100,0,100,100,100,0,0,0,0,0,0,0,0,0,0,0,100,0,,,,,,,,,,,,,,,,,,,,,,,,,,,,
ElMorad,212,El Morad master priest,6,skill points in category 6,212606,Grace,Grace,Increase a party member's HP by 60.,0,0,2701,0,701,4,6,2126,15,0,9,0,15,1,50,4,0,56,0,0,,,,,,,,,,,,,,,,,,,,,,,,212606,Grace,Grace,1,0,600,100,100,0,100,100,100,60,100,0,100,100,100,0,0,0,0,0,0,0,0,0,0,0,100,0,,,,,,,,,,,,,,,,,,,,,,,,,,,,
ElMorad,212,El Morad master priest,6,skill points in category 6,212609,Resist all,Resist all,"Increase magic, curse, and poison resistance by 20",0,0,2701,0,701,2,9,2126,15,0,9,0,15,1,50,4,0,56,0,0,,,,,,,,,,,,,,,,,,,,,,,,212609,Resist all,Resist all,8,0,600,100,100,0,100,100,100,0,100,0,100,100,100,0,0,0,0,0,0,0,0,20,20,20,100,0,,,,,,,,,,,,,,,,,,,,,,,,,,,,
ElMorad,212,El Morad master priest,6,skill points in category 6,212611,Wrath,Wrath,A fail-safe attack that inflicts 120% damage.,0,0,2601,0,10002,7,12,2126,30,0,0,0,0,1,100,1,0,0,0,0,212611,Wrath,A fail-safe attack that inflicts 120% damage.,1,100,150,0,100,0,1,0,0,,,,,,,,,,,,,,,,,,,,,,,,,,,,,,,,,,,,,,,,,,,,,,,,,,,,,,,,,,,,,,,,,,,,,,
ElMorad,212,El Morad master priest,6,skill points in category 6,212612,Insensibility shell,Insensibility shell,Increase AC by 40,0,0,2701,0,701,2,12,2126,20,0,9,0,15,1,50,4,0,56,0,0,,,,,,,,,,,,,,,,,,,,,,,,212612,Insensibility shell,Insensibility shell,2,0,600,100,100,40,100,100,100,0,100,0,100,100,100,0,0,0,0,0,0,0,0,0,0,0,100,0,,,,,,,,,,,,,,,,,,,,,,,,,,,,
ElMorad,212,El Morad master priest,6,skill points in category 6,212615,Brave,Brave,Increase a party member's HP by 240.,0,0,2701,0,701,4,15,2126,30,0,9,0,15,1,50,4,0,56,0,0,,,,,,,,,,,,,,,,,,,,,,,,212615,Brave,Brave,1,0,600,100,100,0,100,100,100,120,100,0,100,100,100,0,0,0,0,0,0,0,0,0,0,0,100,0,,,,,,,,,,,,,,,,,,,,,,,,,,,,
ElMorad,212,El Morad master priest,6,skill points in category 6,212620,wield,wield,A fail-safe attack that inflicts 150% damage.,0,0,2601,0,10002,7,21,2126,40,0,0,0,0,2,100,1,0,0,0,0,212620,wield,A fail-safe attack that inflicts 150% damage.,1,100,200,0,100,0,1,0,0,,,,,,,,,,,,,,,,,,,,,,,,,,,,,,,,,,,,,,,,,,,,,,,,,,,,,,,,,,,,,,,,,,,,,,
ElMorad,212,El Morad master priest,6,skill points in category 6,212621,Insensibility armor,Insensibility armor,Increase AC by 80,0,0,2701,0,701,2,21,2126,40,0,9,0,15,1,50,4,0,56,0,0,,,,,,,,,,,,,,,,,,,,,,,,212621,Insensibility armor,Insensibility armor,2,0,600,100,100,80,100,100,100,0,100,0,100,100,100,0,0,0,0,0,0,0,0,0,0,0,100,0,,,,,,,,,,,,,,,,,,,,,,,,,,,,
ElMorad,212,El Morad master priest,6,skill points in category 6,212624,Strong,Strong,Increase a party member's HP by 360.,0,0,2701,0,701,4,24,2126,60,0,9,0,15,1,50,4,0,56,0,0,,,,,,,,,,,,,,,,,,,,,,,,212624,Strong,Strong,1,0,600,100,100,0,100,100,100,240,100,0,100,100,100,0,0,0,0,0,0,0,0,0,0,0,100,0,,,,,,,,,,,,,,,,,,,,,,,,,,,,
ElMorad,212,El Morad master priest,6,skill points in category 6,212627,Bright mind,Bright mind,"Increase magic, curse, and poison resistance by 40",0,0,2701,0,701,2,27,2126,30,0,9,0,15,1,50,4,0,56,0,0,,,,,,,,,,,,,,,,,,,,,,,,212627,Bright mind,Bright mind,8,0,600,100,100,0,100,100,100,0,100,0,100,100,100,0,0,0,0,0,0,0,0,40,40,40,100,0,,,,,,,,,,,,,,,,,,,,,,,,,,,,
ElMorad,212,El Morad master priest,6,skill points in category 6,212629,wildness,wildness,Increase strength by 30.,0,0,2701,0,701,1,30,2126,80,0,9,0,0,10,100,4,0,0,0,0,,,,,,,,,,,,,,,,,,,,,,,,212629,wildness,wildness,7,0,400,100,100,0,100,100,100,0,100,0,100,100,100,30,0,0,0,0,0,0,0,0,0,0,100,0,,,,,,,,,,,,,,,,,,,,,,,,,,,,
ElMorad,212,El Morad master priest,6,skill points in category 6,212630,Insensibility shield,Insensibility shield,Increase AC by 120,0,0,2702,0,702,2,30,2126,80,0,9,0,15,1,50,4,0,56,0,0,,,,,,,,,,,,,,,,,,,,,,,,212630,Insensibility shield,Insensibility shield,2,0,600,100,100,120,100,100,100,0,100,0,100,100,100,0,0,0,0,0,0,0,0,0,0,0,100,0,,,,,,,,,,,,,,,,,,,,,,,,,,,,
ElMorad,212,El Morad master priest,6,skill points in category 6,212633,Hardness,Hardness,Increase a party member's HP by 720.,0,0,2702,0,702,4,33,2126,120,0,9,0,15,1,50,4,0,56,0,0,,,,,,,,,,,,,,,,,,,,,,,,212633,Hardness,Hardness,1,0,600,100,100,0,100,100,100,480,100,0,100,100,100,0,0,0,0,0,0,0,0,0,0,0,100,0,,,,,,,,,,,,,,,,,,,,,,,,,,,,
ElMorad,212,El Morad master priest,6,skill points in category 6,212636,Calm mind,Calm mind,"Increase magic, curse, and poison resistance by 60",0,0,2702,0,702,2,36,2126,45,0,9,0,15,1,50,4,0,56,0,0,,,,,,,,,,,,,,,,,,,,,,,,212636,Calm mind,Calm mind,8,0,600,100,100,0,100,100,100,0,100,0,100,100,100,0,0,0,0,0,0,0,0,60,60,60,100,0,,,,,,,,,,,,,,,,,,,,,,,,,,,,
ElMorad,212,El Morad master priest,6,skill points in category 6,212639,Insensibility barrier,Insensibility barrier,Increase AC by 160,0,0,2702,0,702,2,39,2126,80,0,9,0,15,1,50,4,0,56,0,0,,,,,,,,,,,,,,,,,,,,,,,,212639,Insensibility barrier,Insensibility barrier,2,0,600,100,100,160,100,100,100,0,100,0,100,100,100,0,0,0,0,0,0,0,0,0,0,0,100,0,,,,,,,,,,,,,,,,,,,,,,,,,,,,
ElMorad,212,El Morad master priest,6,skill points in category 6,212641,Harsh,Harsh,A fail-safe attack that inflicts 150% damage and an additional 100 damage.,0,0,2601,0,10002,7,42,2126,100,0,0,0,0,20,100,1,0,0,0,0,212641,Harsh,A fail-safe attack that inflicts 150% damage and an additional 100 damage.,1,100,200,100,100,0,1,0,0,,,,,,,,,,,,,,,,,,,,,,,,,,,,,,,,,,,,,,,,,,,,,,,,,,,,,,,,,,,,,,,,,,,,,,
ElMorad,212,El Morad master priest,6,skill points in category 6,212642,Mightness,Mightness,Increase a party member's HP by 960.,0,0,2703,0,703,4,42,2126,240,0,9,0,15,1,50,4,0,56,0,0,,,,,,,,,,,,,,,,,,,,,,,,212642,Mightness,Mightness,1,0,600,100,100,0,100,100,100,960,100,0,100,100,100,0,0,0,0,0,0,0,0,0,0,0,100,0,,,,,,,,,,,,,,,,,,,,,,,,,,,,
ElMorad,212,El Morad master priest,6,skill points in category 6,212645,Fresh mind,Fresh mind,"Increase magic, curse, and poison resistance by 80",0,0,2703,0,703,2,45,2126,60,0,9,0,15,1,50,4,0,56,0,0,,,,,,,,,,,,,,,,,,,,,,,,212645,Fresh mind,Fresh mind,8,0,600,100,100,0,100,100,100,0,100,0,100,100,100,0,0,0,0,0,0,0,0,80,80,80,100,0,,,,,,,,,,,,,,,,,,,,,,,,,,,,
ElMorad,212,El Morad master priest,6,skill points in category 6,212650,collapse,collapse,A fail-safe attack that inflicts 200% damage and an additional 50 damage.,0,0,2601,0,10002,7,51,2126,120,0,0,0,0,30,100,1,0,0,0,0,212650,collapse,A fail-safe attack that inflicts 200% damage and an additional 50 damage.,1,100,350,50,100,0,1,0,0,,,,,,,,,,,,,,,,,,,,,,,,,,,,,,,,,,,,,,,,,,,,,,,,,,,,,,,,,,,,,,,,,,,,,,
ElMorad,212,El Morad master priest,6,skill points in category 6,212651,Insensibility protector,Insensibility protector,Increase AC by 200,0,0,2703,0,703,2,51,2126,100,0,9,0,15,1,50,4,0,56,0,0,,,,,,,,,,,,,,,,,,,,,,,,212651,Insensibility protector,Insensibility protector,2,0,600,100,100,200,100,100,100,0,100,0,100,100,100,0,0,0,0,0,0,0,0,0,0,0,100,0,,,,,,,,,,,,,,,,,,,,,,,,,,,,
ElMorad,212,El Morad master priest,6,skill points in category 6,212654,Undying,Undying,Increase the max HP limit of a party member by 60%,0,0,2703,0,703,4,54,2126,240,0,9,0,15,1,50,4,0,56,0,0,,,,,,,,,,,,,,,,,,,,,,,,212654,Undying,Undying,1,0,600,100,100,0,100,100,100,0,160,0,100,100,100,0,0,0,0,0,0,0,0,0,0,0,100,0,,,,,,,,,,,,,,,,,,,,,,,,,,,,
ElMorad,212,El Morad master priest,6,skill points in category 6,212655,Heapness,Heapness,Increase the max HP limit of a party member by 1200,0,0,2703,0,703,4,54,2126,300,0,9,0,15,1,50,4,0,56,0,0,,,,,,,,,,,,,,,,,,,,,,,,212655,Heapness,Heapness,1,0,600,100,100,0,100,100,100,1200,100,0,100,100,100,0,0,0,0,0,0,0,0,0,0,0,100,0,,,,,,,,,,,,,,,,,,,,,,,,,,,,
ElMorad,212,El Morad master priest,6,skill points in category 6,212656,Greatness,Greatness,Increase the max HP limit of all the party member by 1200,0,0,2703,0,703,6,57,2126,570,0,9,0,15,1,50,4,0,101,0,0,,,,,,,,,,,,,,,,,,,,,,,,212656,Greatness,Greatness,1,30,600,100,100,0,100,100,100,1200,100,0,100,100,100,0,0,0,0,0,0,0,0,0,0,0,100,0,,,,,,,,,,,,,,,,,,,,,,,,,,,,
ElMorad,212,El Morad master priest,6,skill points in category 6,212657,massiveness,massiveness,Increase the max HP limit of a party member by 1500,0,0,2703,0,703,4,57,2126,360,0,9,0,15,1,50,4,0,56,0,0,,,,,,,,,,,,,,,,,,,,,,,,212657,massiveness,massiveness,1,0,600,100,100,0,100,100,100,1500,100,0,100,100,100,0,0,0,0,0,0,0,0,0,0,0,100,0,,,,,,,,,,,,,,,,,,,,,,,,,,,,
ElMorad,212,El Morad master priest,6,skill points in category 6,212660,Insensibility peel,Insensibility peel,Increase the AC by 300,0,0,2703,0,703,2,60,2126,150,0,9,0,15,1,50,4,0,56,0,0,,,,,,,,,,,,,,,,,,,,,,,,212660,Insensibility peel,Insensibility peel,2,0,600,100,100,300,100,100,100,0,100,0,100,100,100,0,0,0,0,0,0,0,0,0,0,0,100,0,,,,,,,,,,,,,,,,,,,,,,,,,,,,
ElMorad,212,El Morad master priest,6,skill points in category 6,212670,imposingness,imposingness,Increase the max HP limit of a party member by 2000,0,0,2703,0,703,4,70,2126,460,0,9,0,15,1,47,4,0,56,0,54,,,,,,,,,,,,,,,,,,,,,,,,212670,imposingness,imposingness,1,0,600,100,100,0,100,100,100,2000,100,0,100,100,100,0,0,0,0,0,0,0,0,0,0,0,100,0,,,,,,,,,,,,,,,,,,,,,,,,,,,,
ElMorad,212,El Morad master priest,6,skill points in category 6,212671,Bless of God,Bless of God,Neutralizes resistance decreasing spells on all party members.,0,0,2701,0,702,6,70,2126,230,0,9,0,15,1,70,5,0,45,0,54,,,,,,,,,,,,,,,,,,,,,,,,,,,,,,,,,,,,,,,,,,,,,,,,,,,,,,,212671,Bless of God,Neutralizes resistance decreasing spells on all party members.,2,0,0,,,,,,,,,,,,,,,,,,,,,,
ElMorad,212,El Morad master priest,6,skill points in category 6,212672,Massive Binder,Massive Binder,Increase the max HP limit of the party member by 2000,0,0,2703,0,703,6,72,2126,960,0,9,0,15,1,47,4,0,56,518,0,,,,,,,,,,,,,,,,,,,,,,,,212672,Massive Binder,Massive Binder,1,30,600,100,100,0,100,100,100,2000,100,0,100,100,100,0,0,0,0,0,0,0,0,0,0,0,100,0,,,,,,,,,,,,,,,,,,,,,,,,,,,,
ElMorad,212,El Morad master priest,6,skill points in category 6,212673,Round Insensibility,Round Insensibility,Increase the defense of all party members by 300.,0,0,2703,0,703,6,74,2126,750,0,9,0,15,1,50,4,0,56,519,0,,,,,,,,,,,,,,,,,,,,,,,,212673,Round Insensibility,Round Insensibility,2,30,600,100,100,300,100,100,100,0,100,0,100,100,100,0,0,0,0,0,0,0,0,0,0,0,100,0,,,,,,,,,,,,,,,,,,,,,,,,,,,,
ElMorad,212,El Morad master priest,6,skill points in category 6,212674,Insensibility Guard,Insensibility Guard,Increase the defense of a party member by 350.,0,0,2703,0,703,2,76,2126,300,0,9,0,15,1,50,4,0,56,521,0,,,,,,,,,,,,,,,,,,,,,,,,212674,Insensibility Guard,Insensibility Guard,2,0,600,100,100,350,100,100,100,0,100,0,100,100,100,0,0,0,0,0,0,0,0,0,0,0,100,0,,,,,,,,,,,,,,,,,,,,,,,,,,,,
ElMorad,212,El Morad master priest,6,skill points in category 6,212675,Superioris,Superioris,Increase the max HP of a party member by 2500.,0,0,2703,0,703,4,78,2126,690,0,9,0,15,1,47,4,0,56,522,0,,,,,,,,,,,,,,,,,,,,,,,,212675,Superioris,Superioris,1,0,600,100,100,0,100,100,100,2500,100,0,100,100,100,0,0,0,0,0,0,0,0,0,0,0,100,0,,,,,,,,,,,,,,,,,,,,,,,,,,,,
ElMorad,212,El Morad master priest,6,skill points in category 6,212676,Counter Curse,Counter Curse,Blocks all curses for 10 seconds.,0,0,2701,0,702,6,80,2126,1200,0,9,379062000,15,1,70,4,0,56,523,0,,,,,,,,,,,,,,,,,,,,,,,,212676,Counter Curse,Counter Curse,29,20,10,100,100,0,100,100,100,0,100,0,100,100,100,0,0,0,0,0,0,0,0,0,0,0,100,0,,,,,,,,,,,,,,,,,,,,,,,,,,,,
ElMorad,212,El Morad master priest,7,skill points in category 7,212700,Gate,Gate,Teleport to your chosen resurrection spot,0,0,2401,0,401,1,0,2127,20,0,9,0,15,74,50,8,0,56,0,0,,,,,,,,,,,,,,,,,,,,,,,,,,,,,,,,,,,,,,,,,,,,,,,,,,,,,,,,,,,,,,,,,,,,,,,,,,,212700,Gate,Teleport to your chosen resurrection spot,1,10000,1,0,0
ElMorad,212,El Morad master priest,7,skill points in category 7,212703,Malice,Malice,Decrease your enemy's defense ability by 25%,0,0,2702,0,801,7,3,2127,40,0,9,0,15,74,50,4,0,90,0,0,,,,,,,,,,,,,,,,,,,,,,,,212703,Malice,Malice,2,0,150,100,100,0,75,100,100,0,100,0,100,100,100,0,0,0,0,0,0,0,0,0,0,0,100,0,,,,,,,,,,,,,,,,,,,,,,,,,,,,
ElMorad,212,El Morad master priest,7,skill points in category 7,212709,Clear mana,Clear mana,Decrease your enemy's Mana by 480.,0,0,3101,0,1101,7,9,2127,80,0,9,0,15,74,50,3,0,56,0,0,,,,,,,,,,,,,212709,Fire Armor,Fire Armor,2,-480,0,0,0,0,0,0,,,,,,,,,,,,,,,,,,,,,,,,,,,,,,,,,,,,,,,,,,,,,,,,,,,,,,,,,,,
ElMorad,212,El Morad master priest,7,skill points in category 7,212712,tilt,tilt,A fail-safe attack that inflicts 120% damage.,0,0,2601,0,10002,7,12,2127,30,0,0,0,0,1,100,1,0,0,0,0,212712,tilt,A fail-safe attack that inflicts 120% damage.,1,100,150,0,100,0,1,0,0,,,,,,,,,,,,,,,,,,,,,,,,,,,,,,,,,,,,,,,,,,,,,,,,,,,,,,,,,,,,,,,,,,,,,,
ElMorad,212,El Morad master priest,7,skill points in category 7,212715,Confusion,Confusion,Decrease your enemy's MP by 30.,0,0,2702,0,801,7,15,2127,80,0,9,0,15,74,50,4,0,56,0,0,,,,,,,,,,,,,,,,,,,,,,,,212715,Confusion,Confusion,7,0,150,100,100,0,100,100,100,0,100,0,100,100,100,0,0,0,0,-30,0,0,0,0,0,0,100,0,,,,,,,,,,,,,,,,,,,,,,,,,,,,
ElMorad,212,El Morad master priest,7,skill points in category 7,212721,Bloody,Bloody,A fail-safe attack that inflicts 150% damage.,0,0,2601,0,10002,7,21,2127,40,0,0,0,0,2,100,1,0,0,0,0,212721,Bloody,A fail-safe attack that inflicts 150% damage.,1,100,300,0,100,0,1,0,0,,,,,,,,,,,,,,,,,,,,,,,,,,,,,,,,,,,,,,,,,,,,,,,,,,,,,,,,,,,,,,,,,,,,,,
ElMorad,212,El Morad master priest,7,skill points in category 7,212724,Slow,Slow,Decrease your enemy's attack speed by 20%,0,0,2702,0,801,7,24,2127,120,0,9,0,15,74,50,4,0,56,0,0,,,,,,,,,,,,,,,,,,,,,,,,212724,Slow,Slow,5,0,150,70,100,0,100,100,100,0,100,0,100,100,100,0,0,0,0,0,0,0,0,0,0,0,100,0,,,,,,,,,,,,,,,,,,,,,,,,,,,,
ElMorad,212,El Morad master priest,7,skill points in category 7,212727,Reverse life,Reverse life,Neutralizes enemy's HP bonus spells.,0,0,2702,0,801,7,27,2127,50,0,9,0,15,94,50,4,0,56,0,0,,,,,,,,,,,,,,,,,,,,,,,,212727,Reverse life,Reverse life,1,0,1,100,100,0,100,100,100,0,99,0,100,100,100,0,0,0,0,0,0,0,0,0,0,0,100,0,,,,,,,,,,,,,,,,,,,,,,,,,,,,
ElMorad,212,El Morad master priest,7,skill points in category 7,212729,eruption,eruption,Increase strength by 30.,0,0,2701,0,701,1,30,2127,80,0,9,0,0,10,100,4,0,0,0,0,,,,,,,,,,,,,,,,,,,,,,,,212729,eruption,eruption,7,0,400,100,100,0,100,100,100,0,100,0,100,100,100,30,0,0,0,0,0,0,0,0,0,0,100,0,,,,,,,,,,,,,,,,,,,,,,,,,,,,
ElMorad,212,El Morad master priest,7,skill points in category 7,212730,Sleep Wing,Sleep Wing,Puts a monster to sleep for 20 seconds,0,0,2702,0,801,7,30,2127,120,0,0,0,15,74,50,7,0,56,0,0,,,,,,,,,,,,,,,,,,,,,,,,,,,,,,,,,,,,,,,,,,,,,,,,,,,,,,,,,,,,,212730,Sleep Wing,Puts a monster to sleep for 20 seconds,0,0,0,2,0,0,100,20,0,100,0,,,,,,,,
ElMorad,212,El Morad master priest,7,skill points in category 7,212733,Resurrection of love,Resurrection of love,Resurrect regaining 60% of the original experience lost,0,0,2602,0,702,25,33,2127,400,0,9,379006000,15,250,50,5,0,11,0,0,,,,,,,,,,,,,,,,,,,,,,,,,,,,,,,,,,,,,,,,,,,,,,,,,,,,,,,212733,Resurrection of love,Resurrect regaining 60% of the original experience lost,3,10,4,,,,,,,,,,,,,,,,,,,,,,
ElMorad,212,El Morad master priest,7,skill points in category 7,212736,Sweep mana,Sweep mana,Decrease your enemy's Mana by 960,0,0,3101,0,1101,7,36,2127,160,0,9,0,15,74,50,3,0,56,0,0,,,,,,,,,,,,,212736,Ice Armor,Ice Armor,2,-960,0,0,0,0,0,0,,,,,,,,,,,,,,,,,,,,,,,,,,,,,,,,,,,,,,,,,,,,,,,,,,,,,,,,,,,
ElMorad,212,El Morad master priest,7,skill points in category 7,212739,raving edge,raving edge,A fail-safe attack that inflicts 150% damage and an additional 100 damage.,0,0,2601,0,10002,7,39,2127,100,0,0,0,0,20,100,1,0,0,0,0,212739,raving edge,A fail-safe attack that inflicts 150% damage and an additional 100 damage.,1,100,250,100,100,0,1,0,0,,,,,,,,,,,,,,,,,,,,,,,,,,,,,,,,,,,,,,,,,,,,,,,,,,,,,,,,,,,,,,,,,,,,,,
ElMorad,212,El Morad master priest,7,skill points in category 7,212742,Resurrection of grace,Resurrection of grace,Resurrect regaining 70% of the original experience lost,0,0,2602,0,702,25,42,2127,600,0,9,379006000,15,250,50,5,0,11,0,0,,,,,,,,,,,,,,,,,,,,,,,,,,,,,,,,,,,,,,,,,,,,,,,,,,,,,,,212742,Resurrection of grace,Resurrect regaining 70% of the original experience lost,3,10,10,,,,,,,,,,,,,,,,,,,,,,
ElMorad,212,El Morad master priest,7,skill points in category 7,212745,Parasite,Parasite,Decrease your enemy's max HP by 20%,0,0,2702,0,801,7,45,2127,100,0,9,0,15,74,50,4,0,90,0,0,,,,,,,,,,,,,,,,,,,,,,,,212745,Parasite,Parasite,1,0,150,100,100,0,100,100,100,0,80,0,100,100,100,0,0,0,0,0,0,0,0,0,0,0,100,0,,,,,,,,,,,,,,,,,,,,,,,,,,,,
ElMorad,212,El Morad master priest,7,skill points in category 7,212750,Hades,Hades,A fail-safe attack that inflicts 200% damage and an additional 50 damage.,0,0,2601,0,10002,7,51,2127,120,0,0,0,0,30,100,1,0,0,0,0,212750,Hades,A fail-safe attack that inflicts 200% damage and an additional 50 damage.,1,100,350,50,100,0,1,0,0,,,,,,,,,,,,,,,,,,,,,,,,,,,,,,,,,,,,,,,,,,,,,,,,,,,,,,,,,,,,,,,,,,,,,,
ElMorad,212,El Morad master priest,7,skill points in category 7,212751,Sleep Carpet,Sleep Carpet,Puts all the monsters in an area to sleep for 20 seconds,0,0,2702,0,801,10,51,2127,240,0,0,0,15,94,50,7,0,56,0,0,,,,,,,,,,,,,,,,,,,,,,,,,,,,,,,,,,,,,,,,,,,,,,,,,,,,,,,,,,,,,212751,Sleep Carpet,Puts all the monsters in an area to sleep for 20 seconds,0,0,0,2,0,30,100,20,0,100,0,,,,,,,,
ElMorad,212,El Morad master priest,7,skill points in category 7,212754,Resurrection of favors,Resurrection of favors,Resurrect regaining 80% of the original experience lost,0,0,2602,0,702,25,54,2127,800,0,9,379006000,15,250,50,5,0,11,0,0,,,,,,,,,,,,,,,,,,,,,,,,,,,,,,,,,,,,,,,,,,,,,,,,,,,,,,,212754,Resurrection of favors,Resurrect regaining 80% of the original experience lost,3,10,30,,,,,,,,,,,,,,,,,,,,,,
ElMorad,212,El Morad master priest,7,skill points in category 7,212757,Torment,Torment,Decrease all enemy's defense by 30% in a certain area.,0,0,2702,0,801,10,57,2127,150,0,9,0,15,94,50,4,0,56,0,0,,,,,,,,,,,,,,,,,,,,,,,,212757,Torment,Torment,2,10,150,100,100,0,70,100,100,0,100,0,100,100,100,0,0,0,0,0,0,0,0,0,0,0,100,0,,,,,,,,,,,,,,,,,,,,,,,,,,,,
ElMorad,212,El Morad master priest,7,skill points in category 7,212760,Massive,Massive,Decrease your enemy's attack power by 20%,0,0,2702,0,801,7,60,2127,180,0,9,0,15,104,50,4,0,90,0,0,,,,,,,,,,,,,,,,,,,,,,,,212760,Massive,Massive,4,0,150,100,100,0,100,80,100,0,100,0,100,100,100,0,0,0,0,0,0,0,0,0,0,0,100,0,,,,,,,,,,,,,,,,,,,,,,,,,,,,
ElMorad,212,El Morad master priest,7,skill points in category 7,212770,Subside,Subside,Decrease an enemy's attack by 20% within a certain area.,0,0,2702,0,801,10,70,2127,260,0,9,0,15,154,50,4,0,45,0,54,,,,,,,,,,,,,,,,,,,,,,,,212770,Subside,Subside,4,20,150,100,100,0,100,80,100,0,100,0,100,100,100,0,0,0,0,0,0,0,0,0,0,0,100,0,,,,,,,,,,,,,,,,,,,,,,,,,,,,
ElMorad,212,El Morad master priest,7,skill points in category 7,212771,Superior Parasite,Superior Parasite,Decrease an enemy's HP by 30%. Does not apply to unique monsters.,0,0,2702,0,801,7,75,2127,350,0,9,0,15,254,50,4,0,112,520,0,,,,,,,,,,,,,,,,,,,,,,,,212771,Superior Parasite,Superior Parasite,1,0,150,100,100,0,100,100,100,0,70,0,100,100,100,0,0,0,0,0,0,0,0,0,0,0,100,0,,,,,,,,,,,,,,,,,,,,,,,,,,,,
ElMorad,212,El Morad master priest,7,skill points in category 7,212772,Discountis,Discountis,Decrease an enemy's Mana by 3840 in a certain area.,0,0,2702,0,801,10,80,2127,960,0,9,379062000,15,254,50,3,0,112,523,0,,,,,,,,,,,,,212772,Lightning Armor,Lightning Armor,2,-3840,15,0,0,0,15,0,,,,,,,,,,,,,,,,,,,,,,,,,,,,,,,,,,,,,,,,,,,,,,,,,,,,,,,,,,,
ElMorad,212,El Morad master priest,8,skill points in category 8,212800,Daring,Daring,[Passive]Increase your defense by 20% when your HP is down to 30% or lower.,0,0,2702,0,10121,1,0,2128,0,0,9,0,0,0,100,0,0,0,0,0,,,,,,,,,,,,,,,,,,,,,,,,,,,,,,,,,,,,,,,,,,,,,,,,,,,,,,,,,,,,,,,,,,,,,,,,,,,,,,,,,,
ElMorad,212,El Morad master priest,8,skill points in category 8,212802,Judgment,Judgment,A fail-safe attack that inflicts 200% damage and an additional 150 damage.,4,0,2601,0,10124,7,2,2128,200,0,0,379066000,0,5,100,1,0,0,0,0,212802,Judgment,A fail-safe attack that inflicts 200% damage and an additional 150 damage.,1,100,500,150,100,0,1,0,0,,,,,,,,,,,,,,,,,,,,,,,,,,,,,,,,,,,,,,,,,,,,,,,,,,,,,,,,,,,,,,,,,,,,,,
ElMorad,212,El Morad master priest,8,skill points in category 8,212805,Absoluteness,Absoluteness,[Passive]Decreases all damages received by 10%,0,0,2702,0,0,1,5,2128,0,0,9,0,0,0,100,0,0,0,0,0,,,,,,,,,,,,,,,,,,,,,,,,,,,,,,,,,,,,,,,,,,,,,,,,,,,,,,,212805,Absoluteness,[Passive]Decreases all damages received by 10%,1,0,0,,,,,,,,,,,,,,,,,,,,,,
ElMorad,212,El Morad master priest,8,skill points in category 8,212810,Matchless,Matchless,[Passive]Decreases all damages received by 15%,0,0,2702,0,0,1,10,2128,0,0,9,0,0,0,100,0,0,0,0,0,,,,,,,,,,,,,,,,,,,,,,,,,,,,,,,,,,,,,,,,,,,,,,,,,,,,,,,,,,,,,,,,,,,,,,,,,,,,,,,,,,
ElMorad,212,El Morad master priest,8,skill points in category 8,212815,Helis,Helis,A fail-safe attack that inflicts 250% damage and an additional 400 damage that disregards defense.,4,0,2601,0,10124,7,12,2128,350,0,0,0,0,5,100,1,0,0,0,0,212815,Helis,A fail-safe attack that inflicts 250% damage and an additional 400 damage that disregards defense.,1,100,400,400,100,0,1,0,0,,,,,,,,,,,,,,,,,,,,,,,,,,,,,,,,,,,,,,,,,,,,,,,,,,,,,,,,,,,,,,,,,,,,,,
ElMorad,212,El Morad master priest,8,skill points in category 8,212820,Curse Refraction,Curse Refraction,Blocks all curses for 10 seconds and has a chance to reflect the curse back onto the caster.,0,0,2701,0,702,1,15,2128,320,0,9,0,15,1,70,4,0,45,0,0,,,,,,,,,,,,,,,,,,,,,,,,212820,Curse Refraction,Curse Refraction,30,0,10,100,100,0,100,100,100,0,100,0,100,100,100,0,0,0,0,0,0,0,0,0,0,0,100,0,,,,,,,,,,,,,,,,,,,,,,,,,,,,
ElMorad,212,El Morad master priest,8,skill points in category 8,212825,Elysian Web,Elysian Web,Increases magic resistance for 20 seconds to reduce any damage received from magic spells by 30%.,0,0,2703,0,703,11,20,2128,640,0,9,379062000,15,1,50,4,0,56,0,0,,,,,,,,,,,,,,,,,,,,,,,,212825,Elysian Web,Elysian Web,27,15,20,100,100,0,100,100,100,0,100,0,100,100,100,0,0,0,0,0,0,0,0,0,0,0,70,0,,,,,,,,,,,,,,,,,,,,,,,,,,,,
